42,Detector1,0.581955,61.7523,10.466,563.66,9.5,3217.51
42,Detector2,8.918,205.355,42.8624,529.406,199.5,3216.27
42,Detector2,8.96619,205.836,42.9865,529.41,200.254,3214.76
24,Detector1,0.585908,62.0597,10.47,563.85,9.5,3217.47
24,Detector2,8.87339,204.585,42.8248,528.572,199.5,3216.35
12,Detector1,0.584287,61.9134,10.4706,563.92,9.5,3217.46
12,Detector2,8.82522,203.891,42.8319,528.795,199.5,3216.26
30,Detector1,0.584511,61.9244,10.4719,564.085,9.5,3217.43
30,Detector2,8.93065,205.718,42.8276,528.624,199.5,3216.26
90,Detector1,0.584463,62.0123,10.4662,563.679,9.5,3217.5
90,Detector2,8.90489,204.975,42.8485,529.19,199.5,3216.24
90,Detector2,8.90535,205.266,42.8497,529.06,199.507,3216.06
78,Detector1,0.586994,62.2144,10.4706,563.989,9.5,3217.44
78,Detector1,0.60289,64.5013,10.6104,563.854,10.2998,3216.03
78,Detector2,8.97859,206.116,42.8047,528.114,199.5,3215.25
78,Detector2,9.02757,206.549,42.93,526.984,200.263,3213.89
18,Detector1,0.585458,61.8969,10.4703,563.98,9.5,3217.46
18,Detector1,0.596367,63.0722,10.5693,564.367,10.0646,3216.71
18,Detector2,8.86897,204.402,42.8789,529.748,199.5,3216.17
54,Detector1,0.58606,62.1565,10.4706,563.811,9.5,3217.47
54,Detector2,8.89893,204.788,42.787,528.126,199.5,3216.38
54,Detector2,8.95152,181.722,42.9225,507.739,200.325,3220.07
54,Detector2,8.95152,24.1162,42.9225,21.9805,200.325,-4.92501
72,Detector1,0.58753,62.2052,10.4696,563.826,9.5,3217.47
72,Detector1,0.591296,62.6989,10.5036,563.855,9.6945,3217.02
72,Detector2,8.94329,205.582,42.823,528.551,199.5,3216.07
72,Detector2,8.97374,206.268,42.9012,527.439,199.976,3215.46
6,Detector1,0.586273,62.0675,10.4705,563.824,9.5,3217.48
6,Detector1,0.592732,62.0512,10.529,564.037,9.83394,3216.82
6,Detector2,8.88081,204.605,42.8664,529.398,199.5,3216.03
60,Detector1,0.586497,62.2075,10.4697,563.922,9.5,3217.46
60,Detector2,8.84813,204.065,42.796,528.33,199.5,3216.46
36,Detector1,0.58694,62.1242,10.4691,563.735,9.5,3217.49
36,Detector2,8.92484,205.485,42.7776,528.048,199.5,3216.57
EventID,Detector,X,PX,Y,PY,Z,PZ
0,Detector1,0.585398,62.0228,10.4684,563.738,9.5,3217.49
0,Detector2,8.82782,203.829,42.7657,528.037,199.5,3216.42
79,Detector1,0.585653,62.0306,10.4689,563.97,9.5,3217.45
79,Detector2,8.93747,205.891,42.9544,530.822,199.5,3215.98
79,Detector2,8.99764,206.61,43.1093,530.206,200.439,3214.57
91,Detector1,0.581551,61.4637,10.4691,563.898,9.5,3217.47
91,Detector2,8.90293,205.063,42.8641,529.514,199.5,3216.28
91,Detector2,8.93237,204.748,42.9401,529.416,199.961,3215.44
13,Detector1,0.586743,62.1595,10.471,563.993,9.5,3217.44
13,Detector2,8.92684,205.406,42.8073,528.592,199.5,3216.41
43,Detector1,0.58598,61.9821,10.4687,563.817,9.5,3217.47
43,Detector2,8.91932,205.426,42.8704,529.359,199.5,3216.26
37,Detector1,0.584793,61.9946,10.4695,563.86,9.5,3217.46
37,Detector2,8.77415,202.849,42.8922,530.155,199.5,3216.32
31,Detector1,0.588071,62.1928,10.4695,563.809,9.5,3217.47
31,Detector1,0.588308,62.1493,10.4716,563.543,9.51224,3217.21
31,Detector2,8.86309,204.174,42.8524,529.325,199.5,3216.02
1,Detector1,0.585917,62.0277,10.47,563.854,9.5,3217.47
1,Detector2,8.89838,205.115,42.8297,528.849,199.5,3216.3
1,Detector2,8.94477,205.622,42.9492,526.725,200.227,3214.87
19,Detector1,0.586094,62.0578,10.4715,564.068,9.5,3217.41
19,Detector1,0.593763,63.3735,10.541,564.274,9.89638,3216.58
19,Detector2,8.93742,205.601,42.8332,528.714,199.5,3215.99
25,Detector1,0.587811,62.1718,10.4695,563.835,9.5,3217.46
25,Detector2,8.83303,203.772,42.841,529.01,199.5,3216.1
25,Detector2,8.87805,202.87,42.9578,516.481,200.21,3217.41
73,Detector1,0.586162,62.0177,10.4695,563.941,9.5,3217.45
73,Detector1,0.589891,62.0681,10.5034,563.939,9.69316,3214.51
73,Detector1,0.602839,61.8154,10.6204,562.506,10.3602,3213.92
73,Detector2,8.79511,203.19,42.8229,528.345,199.5,3213.54
55,Detector1,0.58542,61.948,10.4698,563.836,9.5,3217.48
55,Detector1,0.601307,64.379,10.6135,564.254,10.3199,3216.37
55,Detector1,0.602172,64.7488,10.6211,564.643,10.3631,3216.09
55,Detector2,8.99627,206.772,42.8743,529.506,199.5,3215.79
80,Detector1,0.59167,62.4335,10.4749,564.172,9.5,3217.41
80,Detector2,8.92258,205.208,42.8349,528.743,199.5,3216.24
14,Detector1,0.586288,62.0244,10.4707,564.152,9.5,3217.42
14,Detector1,0.594663,61.7511,10.5466,564.393,9.93298,3216.59
14,Detector1,0.599263,62.3408,10.5886,564.708,10.1721,3215.86
14,Detector2,8.88783,204.891,42.9235,530.134,199.5,3215.35
74,Detector1,0.598342,63.3104,10.4779,564.715,9.5,3217.24
74,Detector1,0.610187,63.3312,10.583,566.413,10.0992,3212.58
74,Detector2,8.97893,206.068,43.0659,532.126,199.5,3211.96
38,Detector1,0.587001,62.1726,10.4682,563.771,9.5,3217.46
38,Detector1,0.597933,62.7621,10.5669,562.514,10.0632,3216.92
38,Detector2,8.91282,204.967,42.7112,526.909,199.5,3216.41
92,Detector1,0.5865,62.0725,10.4714,564.118,9.5,3217.42
92,Detector2,8.864,204.118,42.79,528.276,199.5,3216.41
32,Detector1,0.585144,62.0374,10.4692,563.89,9.5,3217.46
32,Detector2,8.89305,204.624,42.8591,529.378,199.5,3216.27
32,Detector2,8.90818,204.931,42.8982,529.428,199.738,3215.88
26,Detector1,0.585615,61.9851,10.4692,563.933,9.5,3217.45
26,Detector1,0.591444,63.8307,10.5221,562.81,9.80187,3204.82
26,Detector2,9.04843,207.139,42.8681,527.062,199.5,3203.9
26,Detector2,9.0779,207.023,42.943,526.225,199.956,3203.44
44,Detector1,0.583186,61.8613,10.4733,564.253,9.5,3217.41
44,Detector2,8.81823,203.579,42.8189,528.717,199.5,3216.4
2,Detector1,0.585965,62.1358,10.47,563.894,9.5,3217.46
2,Detector2,8.87735,204.526,42.7706,527.801,199.5,3216.42
2,Detector2,8.89222,204.422,42.809,527.544,199.734,3215.78
20,Detector1,0.584582,61.8001,10.4699,563.771,9.5,3217.49
20,Detector1,0.585284,61.539,10.4763,563.835,9.53653,3217.31
20,Detector1,0.586601,63.3719,10.4881,564.118,9.60412,3217.01
20,Detector1,0.591869,62.4537,10.5349,564.418,9.87099,3216.51
20,Detector2,8.95554,206.024,43.0938,533.036,199.5,3215.03
20,Detector2,9.01274,206.047,43.2416,530.613,200.392,3214.35
56,Detector1,0.584372,61.8135,10.4706,563.952,9.5,3217.45
56,Detector2,8.87454,204.6,42.9647,531.283,199.5,3215.95
56,Detector2,8.90614,205.471,43.0465,530.595,199.997,3215.3
75,Detector1,0.585998,62.0629,10.4701,563.905,9.5,3217.46
75,Detector2,8.96856,206.268,42.8834,529.583,199.5,3216.05
75,Detector2,8.99048,206.428,42.9396,529.759,199.842,3215.52
81,Detector1,0.588672,62.2946,10.4696,563.904,9.5,3217.45
81,Detector1,0.59127,62.9497,10.4931,563.717,9.63405,3217.19
81,Detector1,0.606044,64.1411,10.6247,564.254,10.3847,3216.05
81,Detector2,8.99018,206.507,42.8567,529.181,199.5,3215.81
93,Detector1,0.583927,61.5711,10.4671,563.729,9.5,3217.5
93,Detector2,8.87894,204.814,42.7696,527.961,199.5,3216.46
93,Detector2,8.92153,204.348,42.8793,527.781,200.168,3215.6
27,Detector1,0.586769,62.1064,10.4698,563.96,9.5,3217.45
27,Detector2,8.84682,203.994,42.9176,530.389,199.5,3216
27,Detector2,8.84784,204.373,42.9202,530.155,199.516,3215.78
3,Detector1,0.585561,61.9982,10.4682,563.879,9.5,3217.47
3,Detector2,8.85912,204.391,42.8385,529.243,199.5,3215.96
39,Detector1,0.585479,61.9882,10.4703,563.932,9.5,3217.45
39,Detector1,0.586025,62.0311,10.4752,563.602,9.52833,3217.28
39,Detector2,8.84029,204.229,42.8631,529.31,199.5,3216.1
33,Detector1,0.585793,62.1149,10.4691,563.973,9.5,3217.43
33,Detector1,0.602698,63.3315,10.6216,564.2,10.3697,3216.25
33,Detector2,8.89898,205.027,42.8729,529.599,199.5,3216
33,Detector2,8.95641,206.008,43.0211,529.218,200.4,3214.69
21,Detector1,0.585733,62.0724,10.468,563.824,9.5,3217.48
21,Detector2,8.88966,204.784,42.8733,529.575,199.5,3216
21,Detector2,8.95322,206.076,43.0375,528.737,200.497,3214.65
57,Detector1,0.585905,61.9778,10.4695,563.87,9.5,3217.47
57,Detector2,8.92649,205.445,42.8142,528.878,199.5,3216.26
57,Detector2,8.96896,205.105,42.9234,527.785,200.164,3215.36
57,Detector2,8.98772,206.132,42.9717,526.476,200.458,3214.97
45,Detector1,0.583916,62.0094,10.4685,563.604,9.5,3217.51
45,Detector2,8.88003,204.471,42.7061,526.804,199.5,3216.73
76,Detector1,0.585413,62.0159,10.4697,563.964,9.5,3217.45
76,Detector2,8.81783,203.681,42.9299,530.822,199.5,3216.09
82,Detector1,0.586146,62.015,10.4699,563.938,9.5,3217.46
82,Detector1,0.593574,61.5241,10.5373,563.69,9.88423,3216.66
82,Detector2,8.85057,204.257,42.9366,530.54,199.5,3215.6
4,Detector1,0.587717,62.113,10.4696,563.823,9.5,3217.48
4,Detector2,8.79874,203.164,42.7703,528.077,199.5,3216.5
4,Detector2,8.84892,202.476,42.9006,528.61,200.293,3215.14
34,Detector1,0.58699,62.1392,10.4706,564.085,9.5,3217.42
34,Detector2,8.87465,204.647,42.8892,529.901,199.5,3216.11
94,Detector1,0.586243,62.0743,10.4707,563.932,9.5,3217.46
94,Detector2,8.89829,205.166,42.8847,529.976,199.5,3216.12
22,Detector1,0.586596,62.0799,10.4708,564.058,9.5,3217.44
22,Detector2,8.80696,203.441,42.8692,529.29,199.5,3215.92
40,Detector1,0.585549,62.0699,10.4696,563.857,9.5,3217.46
40,Detector1,0.593913,63.8643,10.5453,562.986,9.93214,3216.48
40,Detector2,8.94518,205.864,42.7549,527.303,199.5,3215.85
40,Detector2,8.99506,207.007,42.8825,527.595,200.278,3214.82
46,Detector1,0.586934,62.4233,10.4685,563.68,9.5,3217.5
46,Detector1,0.606098,63.0281,10.6403,562.689,10.4803,3216.33
46,Detector2,8.87764,204.409,42.7745,527.935,199.5,3216.21
58,Detector1,0.587074,62.1647,10.4689,563.805,9.5,3217.47
58,Detector2,9.03219,207.362,42.8196,528.553,199.5,3216.35
58,Detector2,9.07933,208.057,42.9396,527.015,200.23,3214.13
83,Detector1,0.58741,62.088,10.4693,564.026,9.5,3217.44
83,Detector2,8.90515,205.152,42.8812,529.593,199.5,3216.08
77,Detector1,0.587084,62.0712,10.4696,563.998,9.5,3217.44
77,Detector1,0.599602,63.0547,10.5827,564.67,10.1456,3216.31
77,Detector2,8.80118,203.137,42.848,529.426,199.5,3215.92
5,Detector1,0.587382,62.1845,10.4685,563.8,9.5,3217.42
5,Detector2,8.89958,204.837,42.7841,528.15,199.5,3216.44
35,Detector1,0.585512,61.9792,10.4715,564.031,9.5,3217.44
35,Detector2,8.89058,205.224,42.9506,530.855,199.5,3216.05
41,Detector1,0.585855,62.026,10.4704,564.286,9.5,3217.4
41,Detector2,8.90978,205.042,42.8164,528.558,199.5,3216.32
23,Detector1,0.587594,62.1258,10.4707,563.931,9.5,3217.44
23,Detector2,8.90014,204.763,42.8117,528.781,199.5,3216.29
23,Detector2,8.91006,204.851,42.8373,528.634,199.656,3215.94
59,Detector1,0.583827,61.8602,10.4714,564.093,9.5,3217.42
59,Detector1,0.590252,62.3427,10.5299,564.472,9.83334,3216.91
59,Detector2,8.86674,204.532,42.842,529.042,199.5,3216.31
59,Detector2,8.89084,205.113,42.9043,528.913,199.879,3215.75
59,Detector2,8.90718,204.979,42.9464,528.711,200.135,3215.35
47,Detector1,0.585975,61.9206,10.4709,564.026,9.5,3217.45
47,Detector2,8.79712,203.224,42.911,530.39,199.5,3216.19
15,Detector1,0.584404,61.8511,10.4677,563.764,9.5,3217.48
15,Detector1,0.594328,17.0581,10.5578,-2.50149,10.0142,16.415
15,Detector1,0.594328,5.87561,10.5578,35.3017,10.0142,24.2237
15,Detector1,0.596284,3.99901,10.5695,16.2431,10.0222,12.6421
15,Detector1,0.594328,-13.0599,10.5578,-20.7788,10.0142,-30.2495
15,Detector1,0.590498,-3.88281,10.5517,-3.37623,10.0053,-6.35617
15,Detector1,0.594328,22.2463,10.5578,52.4181,10.0142,33.3575
15,Detector1,-0.329928,-11.2451,8.91584,4.49387,9.72403,-21.4411
15,Detector1,0.594328,60.631,10.5578,-26.6592,10.0142,-43.9632
15,Detector1,0.625345,51.745,10.5441,-24.4337,9.99167,-42.1154
15,Detector1,0.648838,44.603,10.533,-19.7682,9.97254,-37.646
15,Detector1,0.666978,36.9549,10.5249,-13.9203,9.95722,-32.0461
15,Detector1,0.680533,26.9998,10.5198,-10.1255,9.94546,-22.2428
15,Detector1,0.594328,57.649,10.5578,-49.6012,10.0142,21.649
15,Detector1,0.707189,52.7449,10.4596,-48.2042,10.0568,18.5766
15,Detector1,0.796703,49.7724,10.377,-45.4579,10.0884,14.7991
15,Detector1,0.870936,46.6235,10.3109,-38.6557,10.1142,19.8192
15,Detector1,0.930401,43.924,10.2613,-35.6939,10.1395,14.9963
15,Detector1,0.978681,39.1711,10.2218,-33.0473,10.156,15.9611
15,Detector1,1.01621,35.6014,10.19,-30.9372,10.1714,12.898
15,Detector1,1.04625,30.8818,10.1637,-29.4106,10.1823,9.39912
15,Detector1,1.06925,26.624,10.1417,-26.5076,10.1893,7.39424
15,Detector1,1.08706,21.6305,10.1239,-23.1799,10.1943,3.8197
15,Detector1,1.1001,15.0339,10.1099,-17.523,10.1966,2.38362
15,Detector1,1.10672,0.810222,10.1022,-1.34328,10.1976,0.161511
15,Detector1,-0.135954,-44.762,10.4622,-17.1078,9.79863,-34.0193
15,Detector1,-1.4393,-1.81173,9.59847,-1.09819,9.69858,-0.243661
15,Detector1,-1.86289,-0.455711,9.65258,0.814158,9.50465,-1.2176
15,Detector1,0.594328,-20.5501,10.5578,39.4613,10.0142,23.4296
15,Detector1,0.594328,13.0662,10.5578,173.414,10.0142,39.135
15,Detector1,0.629502,11.7296,10.9855,162.857,10.1108,36.6668
15,Detector1,0.656521,11.9927,11.3323,152.787,10.1889,31.7949
15,Detector1,0.679815,11.1926,11.6111,143.288,10.2469,26.5508
15,Detector1,0.698272,12.0343,11.835,133.608,10.2884,25.8184
15,Detector1,0.715129,9.79329,12.0148,124.812,10.3232,23.1602
15,Detector1,0.7269,10.3102,12.159,115.896,10.3499,21.7307
15,Detector1,0.73744,9.43995,12.274,107.874,10.3715,19.3411
15,Detector1,0.74575,8.27647,12.3664,99.9109,10.3881,17.1103
15,Detector1,0.752033,8.88297,12.4405,90.7485,10.4008,19.7325
15,Detector1,0.757824,10.4419,12.4986,82.1788,10.4134,18.6235
15,Detector1,0.76371,11.0916,12.5444,74.8044,10.4238,13.7194
15,Detector1,0.769219,9.69267,12.5812,66.7655,10.4305,11.2386
15,Detector1,0.773511,10.1084,12.6105,57.449,10.4355,9.51733
15,Detector1,0.777546,9.03106,12.6333,46.4688,10.4392,8.1232
15,Detector1,0.780777,2.35317,12.6498,30.5271,10.4421,5.73963
15,Detector1,0.594328,-13.2384,10.5578,-71.0692,10.0142,40.9426
15,Detector1,0.564421,-16.4223,10.4025,-65.9983,10.1037,37.3116
15,Detector1,0.532745,-16.2201,10.278,-61.7698,10.1742,34.1048
15,Detector1,0.505715,-17.1641,10.1769,-57.5716,10.2301,29.9199
15,Detector1,0.481189,-14.9677,10.0958,-53.5829,10.2723,27.1912
15,Detector1,0.462792,-13.7467,10.0308,-49.0692,10.3053,25.2838
15,Detector1,0.448196,-11.0691,9.9793,-45.8598,10.3319,22.021
15,Detector1,0.437738,-11.7921,9.93726,-40.3134,10.3522,21.1341
15,Detector1,0.428151,-10.1845,9.90476,-36.4372,10.3692,17.7084
15,Detector1,0.420799,-8.84072,9.87866,-30.8394,10.3819,16.1806
15,Detector1,0.415072,-6.07502,9.85882,-25.1731,10.3923,12.8229
15,Detector1,0.411585,-3.09968,9.84447,-15.6511,10.3996,8.29674
15,Detector1,0.41081,-0.844286,9.84057,-2.84031,10.4017,1.38136
15,Detector1,0.594328,128.912,10.5578,82.2595,10.0142,171.433
15,Detector1,0.594328,-165.023,10.5578,58.5364,10.0142,560.859
15,Detector1,0.594328,62.7407,10.5578,244.355,10.0142,407.744
15,Detector1,0.594328,16.7,10.5578,-10.7437,10.0142,88.4112
15,Detector1,-4.38783,-1.68156,-3.49963,-3.92596,10.5,-7.47964
15,Detector1,-41.6022,-6.05234,52.6376,6.36809,10.5,-3.19639
15,Detector1,0.594328,-51.0403,10.5578,-19.0556,10.0142,93.4969
15,Detector1,0.594328,13.8918,10.5578,7.3791,10.0142,216.955
15,Detector1,0.594328,11.2723,10.5578,5.70373,10.0142,110.801
15,Detector1,0.594328,-34.7327,10.5578,21.1116,10.0142,61.8498
15,Detector1,0.594328,73.2981,10.5578,19.5578,10.0142,185.622
15,Detector2,-48.0001,-80.2889,-13.5175,-155.509,199.5,560.217
15,Detector2,2.65188,52.4254,32.214,13.2678,199.5,92.8532
15,Detector2,1.81643,-0.598124,1.02201,41.3525,199.5,60.3836
15,Detector2,-11.8891,17.9688,-1.71082,74.8672,199.5,184.221
15,Detector3,22.2581,-37.9429,5.57184,-28.6452,499.5,88.695
15,Detector3,-3.82546,-9.9457,1.06542,14.7067,499.5,42.1244
15,Detector3,-4.05748,-12.5599,1.36513,11.1715,500.4,40.6781
15,Detector3,10.0535,25.1853,-0.200811,-65.2101,499.5,182.198
15,Detector3,10.132,21.7263,-0.415187,-66.0776,500.094,181.33
16,Detector1,0.585899,62.1388,10.4696,563.76,9.5,3217.49
16,Detector1,0.602096,62.0717,10.6156,563.012,10.3332,3216.54
16,Detector2,8.86693,204.256,42.7545,527.466,199.5,3216.36
17,Detector1,0.584296,61.6652,10.4702,563.965,9.5,3217.46
17,Detector2,8.85167,204.154,42.863,529.346,199.5,3216.31
17,Detector2,8.87341,205.323,42.9193,528.143,199.842,3215.93
66,Detector1,0.585859,62.1881,10.4692,563.724,9.5,3217.49
66,Detector1,0.592093,166.491,10.5255,-12.2647,9.82174,31.234
66,Detector1,0.958929,155.762,10.4962,-12.9031,9.89059,26.4675
66,Detector1,1.25157,145.458,10.4705,-13.3025,9.94034,22.1864
66,Detector1,1.48446,135.447,10.4481,-13.0386,9.97588,20.3642
66,Detector1,1.66957,125.153,10.4296,-14.765,10.0037,21.4133
66,Detector1,1.81536,116.042,10.4119,-14.067,10.0287,19.7438
66,Detector1,1.93083,107.884,10.3976,-14.2368,10.0483,17.507
66,Detector1,2.02367,99.8719,10.3851,-12.5748,10.0634,15.5999
66,Detector1,2.09787,91.3214,10.3756,-14.5963,10.075,16.5937
66,Detector1,2.15702,83.7319,10.3661,-14.8424,10.0857,13.6714
66,Detector1,2.20458,75.3897,10.3575,-13.7568,10.0935,13.8305
66,Detector1,2.24224,66.7925,10.3506,-13.0171,10.1004,13.3212
66,Detector1,2.27192,57.735,10.3448,-12.1335,10.1063,11.8258
66,Detector1,2.28334,31.0874,10.3424,-1.34859,10.1087,-12.1433
66,Detector1,0.592093,28.4338,10.5255,12.6437,9.82174,62.8947
66,Detector1,0.600124,21.7319,10.5291,8.0984,9.8395,46.8125
66,Detector1,0.605069,3.94451,10.5309,0.3075,9.85015,12.5346
66,Detector1,0.605172,0,10.5309,0,9.85047,0
66,Detector1,0.592093,21.2039,10.5255,-53.8678,9.82174,-53.0858
66,Detector1,0.632651,19.7067,10.4208,-50.4593,9.71879,-49.2744
66,Detector1,0.665291,19.048,10.3361,-43.9738,9.63619,-47.4673
66,Detector1,0.692166,17.7508,10.2734,-41.9959,9.56859,-42.7888
66,Detector1,0.713923,17.8024,10.2214,-37.7663,9.51572,-39.8523
66,Detector1,0.592093,-35.1984,10.5255,3.6544,9.82174,-11.0645
66,Detector1,0.568999,-28.6461,10.528,0.956973,9.81448,-9.64673
66,Detector1,0.552211,-18.9348,10.5286,-0.14431,9.80882,-8.669
66,Detector1,0.592093,-55.5762,10.5255,-59.1795,9.82174,90.204
66,Detector1,0.53386,-52.1454,10.4639,-53.6637,9.91596,84.4281
66,Detector1,0.486761,-48.6865,10.4156,-49.7752,9.99202,77.5125
66,Detector1,0.448981,-44.2602,10.3772,-44.6614,10.052,72.2352
66,Detector1,0.419345,-41.6962,10.3474,-40.6042,10.1003,65.7411
66,Detector1,0.394956,-40.3737,10.3237,-39.3186,10.1387,56.1707
66,Detector1,0.374237,-36.5404,10.3036,-35.6155,10.1675,49.2299
66,Detector1,0.357649,-33.1715,10.2875,-31.7774,10.1898,41.3922
66,Detector1,0.344107,-27.7547,10.2745,-27.1668,10.2067,33.3769
66,Detector1,0.333877,-19.4801,10.2645,-18.974,10.219,24.4012
66,Detector1,0.592093,18.0441,10.5255,59.7703,9.82174,75.6899
66,Detector1,0.650974,21.6011,10.7145,54.8475,10.0617,70.174
66,Detector1,0.710809,20.176,10.8632,49.5904,10.2525,66.8552
66,Detector1,0.758738,18.479,10.9788,44.7454,10.4088,63.2944
66,Detector1,0.592093,-34.5415,10.5255,-44.1184,9.82174,39.6611
66,Detector1,0.582431,-29.2244,10.5132,-29.2447,9.83282,28.3423
66,Detector1,0.576202,-2.75293,10.507,-4.82287,9.83886,2.97644
66,Detector1,0.576148,-0,10.5069,-0,9.83892,0
66,Detector1,0.592093,-10.1757,10.5255,67.2761,9.82174,40.638
66,Detector1,0.586952,-9.55972,10.5598,59.6116,9.84246,36.443
66,Detector1,0.582672,-6.018,10.5867,51.8344,9.85891,33.1979
66,Detector1,0.580242,-5.00653,10.6079,44.3859,9.87245,25.0791
66,Detector1,0.578415,-2.53668,10.6242,31.7874,9.88168,18.1875
66,Detector1,0.592093,29.2365,10.5255,-10.2765,9.82174,-13.794
66,Detector1,0.610303,22.6437,10.5191,-6.07653,9.81314,-11.9932
66,Detector1,0.622306,10.6421,10.5158,-1.79815,9.80678,-6.41715
66,Detector1,0.623567,1.26078,10.5156,-0.313328,9.80602,-0.950647
66,Detector1,0.592093,-58.9054,10.5255,33.5319,9.82174,37.44
66,Detector1,0.481575,-55.3632,10.5892,30.9747,9.89219,33.7288
66,Detector1,0.392504,-50.1091,10.6396,29.0578,9.94659,33.1479
66,Detector1,0.322748,-46.8132,10.6804,26.671,9.99284,30.4511
66,Detector1,0.266068,-43.4125,10.7129,24.1947,10.0298,27.5779
66,Detector1,0.220588,-39.7528,10.7384,22.3872,10.0587,24.6227
66,Detector1,0.184327,-36.4599,10.759,20.9183,10.0812,21.3386
66,Detector1,0.154864,-32.7303,10.776,18.9964,10.0985,18.3322
66,Detector1,0.131298,-28.5497,10.7897,16.3736,10.1117,15.4103
66,Detector1,0.112814,-22.2431,10.8004,14.6434,10.1217,12.4303
66,Detector1,0.100007,-14.7515,10.8088,9.13093,10.1288,8.13937
66,Detector1,0.592093,-11.2891,10.5255,-43.9142,9.82174,-75.8225
66,Detector1,0.568614,-7.4333,10.4206,-38.7504,9.62842,-72.1208
66,Detector1,0.592093,-35.1886,10.5255,100.678,9.82174,28.0167
66,Detector1,0.451169,-32.9151,10.9441,94.3128,9.93776,23.8657
66,Detector1,0.338582,-30.829,11.277,87.9527,10.0217,21.5227
66,Detector1,0.248476,-28.2352,11.541,82.248,10.0862,19.1641
66,Detector1,0.177978,-22.4613,11.7512,78.0572,10.135,18.4308
66,Detector1,0.129602,-18.404,11.9232,72.3957,10.1755,19.9858
66,Detector1,0.0957658,-15.3938,12.0592,67.7343,10.213,18.9081
66,Detector1,0.0713227,-13.8492,12.169,63.3215,10.2437,16.1298
66,Detector1,0.052305,-12.274,12.2575,58.852,10.2662,13.9513
66,Detector1,0.0377221,-12.493,12.3286,53.5922,10.283,13.8895
66,Detector1,0.0248033,-12.8698,12.3848,49.0378,10.2976,10.7957
66,Detector1,0.0131608,-12.3735,12.4296,43.6959,10.3074,11.4556
66,Detector1,0.00329932,-9.39572,12.4647,39.1277,10.3166,11.1116
66,Detector1,-0.00337669,-9.1746,12.4927,33.9378,10.3246,8.79707
66,Detector1,-0.00927441,-6.73231,12.5147,27.8816,10.3303,6.89428
66,Detector1,-0.0131383,-3.55961,12.5308,18.0524,10.3343,5.96495
66,Detector1,0.592093,55.4061,10.5255,-38.733,9.82174,60.7891
66,Detector1,0.592093,66.1479,10.5255,-68.8011,9.82174,-108.486
66,Detector1,0.592093,13.2135,10.5255,153.908,9.82174,177.401
66,Detector1,0.648199,16.2168,11.1074,153.192,10.4931,176.287
66,Detector1,0.592093,-20.5021,10.5255,20.4505,9.82174,116.236
66,Detector1,0.592093,8.55606,10.5255,50.0133,9.82174,146.825
66,Detector1,0.592093,-149.583,10.5255,237.068,9.82174,1024.82
66,Detector1,0.592093,90.572,10.5255,200.071,9.82174,1254.33
66,Detector2,4.43517,-24.274,-4.94968,38.7441,199.5,53.2211
66,Detector2,4.3981,-23.0135,-4.88991,34.3405,199.582,49.9569
66,Detector2,4.36787,-24.0706,-4.84443,29.1984,199.648,46.5104
66,Detector2,4.34036,-21.1654,-4.81083,26.8923,199.701,43.4366
66,Detector2,4.31918,-19.1744,-4.78375,25.6298,199.745,39.0496
66,Detector2,4.30234,-18.5423,-4.76112,23.2461,199.779,34.6292
66,Detector2,4.28791,-17.3149,-4.74294,19.3635,199.806,31.1795
66,Detector2,4.27582,-15.5311,-4.72937,16.773,199.828,25.8547
66,Detector2,4.26607,-11.6878,-4.7188,14.4553,199.844,19.4257
66,Detector2,4.25976,-5.87733,-4.71098,7.56344,199.855,10.5706
66,Detector2,4.25886,-0.323446,-4.70982,0.467046,199.857,0.848389
66,Detector2,-8.60263,12.8677,4.51848,-24.631,199.5,115.576
66,Detector2,-8.55617,12.6891,4.43168,-24.3716,199.909,114.666
66,Detector2,-8.48944,14.4972,4.30788,-23.3317,200.496,113.638
66,Detector2,4.29097,29.4777,11.2216,40.8797,199.5,145.961
66,Detector2,23.5112,194.153,33.1339,97.4411,199.5,1253.97
66,Detector3,-1.37796,3.50521,5.0284,25.7608,499.5,113.071
66,Detector3,10.2096,-44.6934,-8.51064,12.7882,499.5,144.069
66,Detector3,10.0969,-35.319,-8.47756,14.2719,499.864,146.141
67,Detector1,0.5859,61.8846,10.4714,564.119,9.5,3217.43
67,Detector2,8.69491,201.031,42.7661,528.073,199.5,3216.8
68,Detector1,0.584419,61.9867,10.47,563.877,9.5,3217.46
68,Detector2,8.91964,205.177,42.7608,527.95,199.5,3216.46
68,Detector2,8.94311,205.262,42.8211,527.546,199.868,3216.01
68,Detector2,8.95639,205.41,42.8553,527.331,200.076,3215.35
69,Detector1,0.584077,61.8779,10.4689,563.83,9.5,3217.47
69,Detector2,8.89893,205.144,42.9404,531.034,199.5,3215.94
69,Detector2,8.91058,205.861,42.9706,529.8,199.683,3215.65
28,Detector1,0.586464,62.0877,10.4684,563.75,9.5,3217.49
28,Detector2,8.88069,204.72,42.9552,531.223,199.5,3216.03
29,Detector1,0.589381,62.3631,10.4687,563.933,9.5,3217.45
29,Detector2,8.85825,203.943,42.7619,527.919,199.5,3216.52
70,Detector1,0.586156,62.1013,10.4707,563.915,9.5,3217.46
70,Detector1,0.598573,62.2705,10.5829,564.538,10.1401,3215.79
70,Detector2,8.82023,203.615,42.8295,528.693,199.5,3215.53
70,Detector2,8.827,204.153,42.847,528.686,199.607,3214.99
71,Detector1,0.586041,61.9743,10.4693,563.802,9.5,3217.48
71,Detector1,0.600202,63.9878,10.5974,562.244,10.231,3216.88
71,Detector2,8.94057,205.481,42.7458,527.454,199.5,3216.43
7,Detector1,0.586608,61.9889,10.4686,563.849,9.5,3217.48
7,Detector1,0.598955,63.4709,10.5803,563.845,10.1377,3216.67
7,Detector1,0.602896,127.26,10.6153,131.35,10.3371,-83.3551
7,Detector1,1.02334,120.73,11.0414,123.505,10.0643,-74.4035
7,Detector1,1.36387,114.564,11.3845,113.825,9.85603,-70.3597
7,Detector1,1.64068,109.732,11.6559,103.546,9.68713,-65.132
7,Detector1,1.86594,104.355,11.8661,93.9781,9.55412,-61.6538
7,Detector1,0.602896,-85.7208,10.6153,-64.8505,10.3371,32.3957
7,Detector1,0.526268,-81.0238,10.5576,-58.5444,10.366,27.3587
7,Detector1,0.464046,-74.2613,10.5129,-53.4914,10.387,26.8371
7,Detector1,0.414686,-68.8716,10.4774,-48.1961,10.4048,22.5245
7,Detector1,0.37493,-62.5449,10.4497,-44.0996,10.4178,18.8733
7,Detector1,0.343205,-56.8379,10.4274,-36.9684,10.4274,16.3876
7,Detector1,0.317791,-48.3105,10.4109,-32.3151,10.4347,15.4714
7,Detector1,0.298412,-40.5437,10.398,-26.4836,10.4409,8.26865
7,Detector1,0.283789,-28.4324,10.3885,-16.9912,10.4439,3.14682
7,Detector1,0.602896,-10.0716,10.6153,38.6567,10.3371,23.9821
7,Detector1,0.601055,-0,10.6224,0,10.3415,0
7,Detector1,0.602896,-25.0921,10.6153,18.454,10.3371,8.64433
7,Detector1,0.587671,-19.5617,10.6265,12.8572,10.3424,5.75088
7,Detector1,0.578412,-4.43999,10.6326,3.10757,10.3451,1.18187
7,Detector1,1.58184,18.8486,11.8165,-11.3681,10.4499,7.59655
7,Detector1,0.602896,-42.6989,10.6153,-8.54435,10.3371,-33.8005
7,Detector1,0.586579,-33.6949,10.612,-3.33993,10.3242,-24.6387
7,Detector1,0.575748,-15.7159,10.611,-1.28379,10.3163,-9.24991
7,Detector1,0.602896,-34.258,10.6153,56.3704,10.3371,107.642
7,Detector1,0.564217,-32.0044,10.6794,55.3121,10.4593,97.893
7,Detector1,0.602896,25.5855,10.6153,-44.5279,10.3371,-1.58245
7,Detector1,0.625878,22.6616,10.5751,-40.2876,10.3357,-0.99476
7,Detector1,0.643747,19.344,10.5431,-35.8698,10.3349,-1.77859
7,Detector1,0.65729,15.348,10.5179,-31.1454,10.3336,-1.56549
7,Detector1,0.666949,11.6499,10.4982,-24.8136,10.3327,-1.25405
7,Detector1,0.673333,6.93863,10.4846,-14.3907,10.332,-1.12913
7,Detector1,0.675079,1.49358,10.4821,-1.77708,10.3314,-0.779069
7,Detector1,0.602896,79.6174,10.6153,46.7865,10.3371,11.4076
7,Detector1,0.827833,75.61,10.7451,40.9358,10.3692,9.53777
7,Detector1,1.00921,71.0555,10.8418,36.6443,10.392,8.55879
7,Detector1,1.15448,66.8034,10.9157,32.3234,10.4094,8.73386
7,Detector1,1.27147,61.982,10.9716,29.8745,10.4247,9.23003
7,Detector1,1.36502,57.4258,11.0162,27.7684,10.4386,10.1793
7,Detector1,1.44048,52.8514,11.0523,25.6202,10.452,9.82214
7,Detector1,1.5005,48.414,11.0812,22.9762,10.4631,10.8199
7,Detector1,1.54835,44.0859,11.1037,21.3004,10.4738,10.8537
7,Detector1,1.5869,39.358,11.1223,20.77,10.4833,7.33372
7,Detector1,1.61727,34.9456,11.1382,17.6982,10.4889,6.90731
7,Detector1,1.64137,29.2432,11.1503,15.8735,10.4937,4.0205
7,Detector1,1.65949,22.7761,11.1601,12.4946,10.4962,3.20274
7,Detector1,1.67151,10.9898,11.1667,5.55765,10.4978,1.61894
7,Detector1,0.602896,67.6546,10.6153,27.9274,10.3371,96.5908
7,Detector1,0.673448,61.0961,10.6442,25.0828,10.4377,91.492
7,Detector1,0.602896,-100.496,10.6153,-165.631,10.3371,77.1793
7,Detector1,0.464754,-95.195,10.3895,-152.028,10.4425,76.1945
7,Detector1,0.602896,67.7637,10.6153,-75.9447,10.3371,388.636
7,Detector1,0.602896,-56.9247,10.6153,107.709,10.3371,219.853
7,Detector1,0.602896,-50.542,10.6153,-1.97385,10.3371,-3.97971
7,Detector1,0.558068,-45.289,10.6136,-1.85515,10.3336,-5.11297
7,Detector1,0.522736,-40.0425,10.6123,-1.29204,10.3296,-4.42868
7,Detector1,0.494864,-34.248,10.6114,-0.771507,10.3265,-2.42911
7,Detector1,0.473375,-26.9062,10.611,-0.125377,10.325,-1.56153
7,Detector1,0.458801,-14.2195,10.6109,-1.38281,10.3241,-1.4379
7,Detector1,0.602896,132.25,10.6153,-21.6584,10.3371,17.9171
7,Detector1,1.47453,122.712,10.4561,-25.1272,10.4556,19.2136
7,Detector1,0.602896,1.43516,10.6153,91.6158,10.3371,223.835
7,Detector1,0.602896,21.5997,10.6153,4.23025,10.3371,180.2
7,Detector1,0.602896,-99.688,10.6153,-146.126,10.3371,62.5034
7,Detector1,0.602896,-20.1753,10.6153,102.72,10.3371,115.567
7,Detector1,0.580668,-18.7772,10.7303,101.867,10.4665,116.124
7,Detector2,29.3254,22.188,14.9865,-50.8336,199.5,86.456
7,Detector2,29.3421,20.5733,14.9482,-44.0938,199.565,81.0038
7,Detector2,29.3555,16.2452,14.9193,-40.9764,199.618,74.3333
7,Detector2,29.3648,18.2401,14.8959,-34.3227,199.661,67.5956
7,Detector2,29.3739,17.8454,14.8787,-28.7573,199.694,61.1447
7,Detector2,29.3819,17.7531,14.8658,-23.719,199.722,52.9813
7,Detector2,29.389,16.0918,14.8563,-19.6967,199.743,42.9967
7,Detector2,29.3948,9.3125,14.8491,-14.7638,199.759,30.2406
7,Detector2,1.46276,51.9405,4.85141,12.6392,199.5,75.6576
7,Detector2,1.49567,46.3341,4.85935,10.4329,199.548,70.3664
7,Detector2,1.52149,42.9975,4.86512,7.32844,199.587,62.968
7,Detector2,1.54258,38.8638,4.86868,6.55377,199.618,55.0851
7,Detector2,1.55951,33.7959,4.87152,4.02827,199.642,46.8344
7,Detector2,1.57277,27.0292,4.87308,3.11144,199.66,37.746
7,Detector2,1.58221,16.4606,4.87416,1.31127,199.674,23.0261
7,Detector2,36.3549,17.6384,25.8047,97.9693,199.5,388.96
7,Detector2,50.799,1.10549,-1.63781,-92.6259,199.5,223.164
7,Detector2,50.8004,-0.178297,-1.78142,-93.2398,199.846,222.333
7,Detector2,0.579948,20.9232,10.3807,8.60055,199.5,178.616
7,Detector3,29.2917,54.1969,-6.3203,-67.1137,499.5,219.94
7,Detector3,2.7225,-17.3293,3.9478,-0.0246695,499.5,172.402
8,Detector1,0.585728,62.1061,10.4714,564.079,9.5,3217.43
8,Detector1,0.595768,61.1458,10.5622,563.524,10.018,3216.37
8,Detector2,8.81474,203.505,42.9092,530.287,199.5,3215.44
9,Detector1,0.586682,62.1417,10.4685,563.723,9.5,3217.49
9,Detector2,8.96229,206.322,42.9691,531.018,199.5,3216.03
10,Detector1,0.587164,62.198,10.4692,563.846,9.5,3217.47
10,Detector2,8.93774,205.786,42.7786,528.13,199.5,3216.32
10,Detector2,8.98883,205.151,42.9095,528.031,200.298,3215.39
96,Detector1,0.585513,61.9891,10.4713,563.959,9.5,3217.45
96,Detector1,0.601499,-60.1458,10.6158,-40.5122,10.3244,12.1331
96,Detector1,0.499522,-56.3843,10.5478,-36.7534,10.3449,10.7695
96,Detector1,0.41737,-51.7565,10.4948,-33.3957,10.3606,12.9962
96,Detector1,0.352479,-49.2597,10.4532,-29.2495,10.3768,9.8122
96,Detector1,0.298764,-44.6922,10.4215,-26.4811,10.3875,9.72558
96,Detector1,0.256743,-40.899,10.3968,-23.5642,10.3966,8.44442
96,Detector1,0.222936,-37.036,10.3774,-19.8332,10.4036,8.28745
96,Detector1,0.195771,-32.5185,10.3629,-17.1117,10.4097,7.18907
96,Detector1,0.174276,-25.5496,10.3517,-16.219,10.4144,5.44073
96,Detector1,0.159147,-18.7384,10.3421,-11.1459,10.4176,1.49278
96,Detector1,0.151935,-0.704749,10.3378,-0.431469,10.4182,0.0194956
96,Detector1,0.601499,136.175,10.6158,100.156,10.3244,43.7638
96,Detector1,0.601499,67.4835,10.6158,47.5505,10.3244,-22.8397
96,Detector1,0.639592,61.1151,10.6426,42.7164,10.3115,-21.9225
96,Detector1,0.670087,54.9359,10.6638,36.472,10.3006,-19.7987
96,Detector1,0.694373,50.9362,10.6799,23.559,10.2918,-19.1507
96,Detector1,0.71463,40.3758,10.6893,19.3077,10.2842,-17.2975
96,Detector1,0.729003,26.9806,10.6961,11.2723,10.2781,-11.0558
96,Detector1,0.501914,-13.7891,10.675,-8.94544,10.3676,-11.6299
96,Detector1,0.601499,-38.9047,10.6158,-9.77869,10.3244,93.9382
96,Detector1,0.572425,-35.9618,10.6086,-11.7729,10.3946,86.276
96,Detector1,0.549014,-31.4704,10.601,-9.23715,10.4507,79.4766
96,Detector1,0.531167,-29.8175,10.5958,-8.95717,10.4957,70.7881
96,Detector1,0.601499,32.4954,10.6158,100.242,10.3244,-30.5604
96,Detector1,0.62943,30.4985,10.7013,92.1742,10.2983,-29.2734
96,Detector1,0.652056,26.296,10.7692,85.0396,10.2767,-27.0377
96,Detector1,0.668918,24.3348,10.8234,77.2045,10.2595,-25.7762
96,Detector1,0.682551,20.275,10.8664,70.5919,10.2451,-22.3573
96,Detector1,0.692566,19.7076,10.9011,63.2324,10.2341,-15.5507
96,Detector1,0.701218,15.4999,10.9288,54.3836,10.2273,-14.4328
96,Detector1,0.707347,14.8094,10.9502,42.8261,10.2216,-10.7042
96,Detector1,0.712538,10.2298,10.9651,26.3299,10.2179,-7.18808
96,Detector1,0.601499,72.0383,10.6158,-10.3235,10.3244,65.3114
96,Detector1,0.626901,64.8268,10.6122,-9.29455,10.3474,55.2988
96,Detector1,0.647365,53.3208,10.6092,-8.06424,10.3649,47.2746
96,Detector1,0.662576,39.5822,10.6069,-6.43539,10.3784,36.3527
96,Detector1,0.671987,14.374,10.6054,-3.59077,10.387,13.1528
96,Detector1,0.672572,0,10.6052,-0,10.3876,0
96,Detector1,0.601499,-34.7436,10.6158,-83.7089,10.3244,29.6523
96,Detector1,0.594984,-34.3184,10.6002,-17.1476,10.3299,40.2277
96,Detector1,0.601499,42.7197,10.6158,-25.0304,10.3244,10.2463
96,Detector1,0.639157,36.7495,10.5936,-24.4829,10.3334,8.83601
96,Detector1,0.667122,32.337,10.5749,-21.4472,10.3416,8.39155
96,Detector1,0.689339,27.9345,10.5601,-18.1921,10.3474,3.95374
96,Detector1,0.706551,20.7406,10.5486,-14.8681,10.3475,-1.00902
96,Detector1,0.717186,8.91301,10.5409,-4.99723,10.347,-0.913405
96,Detector1,0.601499,3.09739,10.6158,-3.41147,10.3244,-12.6494
96,Detector1,0.60192,0.430358,10.6154,-0.369028,10.3227,-1.75301
96,Detector1,0.601499,-19.549,10.6158,-39.8376,10.3244,9.86883
96,Detector1,0.586238,-18.652,10.5849,-34.3563,10.3321,8.22879
96,Detector1,0.572539,-17.3629,10.5623,-27.4923,10.3397,9.75157
96,Detector1,0.561684,-14.0635,10.5452,-20.8332,10.3458,8.04668
96,Detector1,0.554194,-6.59952,10.5341,-10.8098,10.35,4.41338
96,Detector1,0.601499,35.9135,10.6158,-1.59975,10.3244,-46.8865
96,Detector1,0.641674,33.653,10.6139,-3.64188,10.2719,-42.3462
96,Detector1,0.674465,30.6139,10.6103,-4.72657,10.2307,-38.6933
96,Detector1,0.700786,27.0785,10.6062,-4.49555,10.1974,-35.4229
96,Detector1,0.721513,22.1348,10.6027,-3.42014,10.1703,-32.4774
96,Detector1,0.736665,17.8343,10.6003,-2.8405,10.148,-28.3153
96,Detector1,0.747717,14.2294,10.5985,-3.01554,10.1305,-21.8391
96,Detector1,0.755234,6.60805,10.5969,-2.01482,10.1189,-10.8617
96,Detector1,0.756232,0.793498,10.597,-0.0171597,10.1177,-1.0069
96,Detector1,0.601499,-108.47,10.6158,-85.2168,10.3244,25.468
96,Detector1,0.576872,-94.3285,10.5965,-75.5302,10.3302,20.2879
96,Detector1,0.557638,-80.5967,10.5812,-58.8478,10.3343,16.1454
96,Detector1,0.54291,-56.6873,10.5704,-40.7356,10.3373,12.4235
96,Detector1,0.601499,46.7329,10.6158,45.8522,10.3244,135.448
96,Detector1,0.601499,-108.961,10.6158,-9.48257,10.3244,90.1395
96,Detector1,0.601499,113.693,10.6158,123.282,10.3244,1511.45
96,Detector1,0.601499,-36.709,10.6158,117.387,10.3244,324.028
96,Detector1,1.54496,21.2037,10.4722,-27.7145,9.68068,-3.42317
96,Detector1,1.54496,0.377915,10.4722,21.4758,9.68068,-8.913
96,Detector1,0.601499,49.7606,10.6158,-161.838,10.3244,129.596
96,Detector1,0.601499,18.2186,10.6158,31.1471,10.3244,223.02
96,Detector1,0.601499,38.6526,10.6158,142.79,10.3244,159.598
96,Detector1,0.601499,-57.4411,10.6158,66.8544,10.3244,318.605
96,Detector2,3.09899,-46.3266,6.2377,7.47243,199.5,21.5651
96,Detector2,2.72917,-45.7078,6.30622,8.50103,199.673,20.3493
96,Detector2,2.1317,-42.6174,6.4412,11.5903,199.941,22.4971
96,Detector2,13.9937,94.7796,9.91881,25.1266,199.5,113.482
96,Detector2,18.6281,163.58,20.5249,34.0691,199.5,1511.27
96,Detector2,-59.0857,-82.6558,12.6575,-91.7644,199.5,323.379
96,Detector2,-59.1709,-1.99326,12.5626,13.2142,199.834,116.986
96,Detector2,-59.1709,39.7406,12.5626,-64.5624,199.834,-18.3309
96,Detector2,-59.1652,10.632,12.5534,-22.0269,199.831,-4.85017
96,Detector2,-59.1709,-159.767,12.5626,30.4318,199.834,-143.13
96,Detector2,-59.4091,-148.845,12.6084,31.5503,199.62,-132.371
96,Detector2,-59.1709,-1.31835,12.5626,-1.06772,199.834,-18.7277
96,Detector2,-59.1709,-21.32,12.5626,-14.304,199.834,-4.35491
96,Detector2,-59.1821,-10.2064,12.5551,-6.98587,199.832,-2.1437
96,Detector2,-59.5199,-19.5416,12.9177,12.0857,200.084,17.3068
96,Detector2,-63.8157,-28.9785,13.5607,54.4306,200.412,7.47492
96,Detector2,-59.1709,37.4385,12.5626,44.3938,199.834,-16.7897
96,Detector2,-59.1273,34.5541,12.6142,40.5909,199.814,-15.2946
96,Detector2,-59.0924,31.3734,12.6552,35.9785,199.799,-15.3046
96,Detector2,-59.065,28.4236,12.6865,31.4716,199.786,-15.0429
96,Detector2,-59.0431,25.0279,12.7107,26.9333,199.774,-15.6102
96,Detector2,-59.0337,11.4238,12.7208,10.7869,199.768,-32.9114
96,Detector2,-59.0263,9.38293,12.7278,10.0571,199.747,-26.4268
96,Detector2,-59.0208,5.47024,12.7336,6.58352,199.731,-17.9174
96,Detector2,-59.0191,0.408587,12.7357,0.391367,199.726,-1.12789
96,Detector2,-59.0337,10.9005,12.7208,14.7472,199.768,18.6126
96,Detector2,-59.1709,30.0058,12.5626,-68.605,199.834,-0.438378
96,Detector2,-59.1185,27.6064,12.4421,-63.6959,199.833,0.263801
96,Detector2,-59.077,26.2054,12.3461,-58.8133,199.834,2.48908
96,Detector2,-59.0429,24.6857,12.2693,-53.8717,199.837,2.94639
96,Detector2,-59.0152,23.713,12.2086,-48.8284,199.84,1.88781
96,Detector2,-58.9921,21.7988,12.1608,-44.2515,199.842,1.28681
96,Detector2,-58.9734,21.5302,12.1229,-38.8218,199.843,0.518566
96,Detector2,-58.9545,22.4554,12.0951,-31.8157,199.843,2.03696
96,Detector2,-58.9392,18.0232,12.0735,-27.2484,199.844,1.46957
96,Detector2,-58.9282,12.5561,12.0569,-21.4013,199.845,1.69289
96,Detector2,-58.922,4.27894,12.0462,-7.07625,199.846,0.408428
96,Detector2,-58.9218,0.50904,12.0458,-1.3097,199.846,0.0107593
96,Detector2,-59.1709,23.1764,12.5626,-20.8261,199.834,24.875
96,Detector2,-59.1595,23.0317,12.5523,-20.5981,199.846,24.6158
96,Detector2,-59.0708,22.7028,12.4737,-19.9811,199.941,24.313
96,Detector2,-59.0002,22.1918,12.412,-20.5378,200.016,23.3423
96,Detector2,-59.1709,106.722,12.5626,-49.9371,199.834,78.7881
96,Detector2,-58.3882,99.5515,12.1891,-50.7699,200.414,71.8362
96,Detector2,-59.1709,46.8219,12.5626,139.863,199.834,93.0415
96,Detector2,-12.1967,18.4086,10.0048,-30.243,199.5,222.851
96,Detector3,6.88983,-9.34601,-9.69353,31.1719,499.5,18.0957
96,Detector3,6.65513,-3.98813,-8.41348,28.3499,500.225,18.8864
96,Detector3,49.9369,144.877,14.6405,-81.2503,499.5,1545.03
96,Detector3,-52.1225,15.0697,-39.4997,-15.9646,499.5,20.7406
96,Detector3,-51.8696,13.1411,-39.7601,-13.7736,499.843,20.4481
96,Detector3,-51.6812,11.3916,-39.9528,-13.6681,500.132,18.965
96,Detector3,-51.5399,11.0756,-40.1188,-10.7786,500.365,18.837
96,Detector3,-10.0936,33.1875,6.33528,-10.7528,499.5,221.38
11,Detector1,0.58769,62.1436,10.4722,564.03,9.5,3216.98
11,Detector2,8.84566,204.273,42.7583,527.958,199.5,3215.9
97,Detector1,0.587711,62.1822,10.47,563.937,9.5,3217.46
97,Detector1,0.599416,62.9954,10.5756,562.812,10.1028,3216.89
97,Detector2,8.88411,204.597,42.7645,527.696,199.5,3216.41
84,Detector1,0.587616,62.2785,10.4692,563.796,9.5,3217.47
84,Detector1,1.00219,67.8202,10.1275,-66.4828,9.7609,-48.7321
84,Detector1,1.00219,-12.3554,10.1275,14.8466,9.7609,15.0306
84,Detector1,0.996202,-3.63935,10.1347,4.2491,9.76819,4.2158
84,Detector1,0.595856,-32.3092,10.5436,123.224,9.9243,67.0831
84,Detector1,0.547797,-31.6644,10.73,115.878,10.0257,61.1571
84,Detector1,0.506956,-30.0169,10.8817,106.678,10.1056,58.925
84,Detector1,0.473677,-24.7456,11.0014,100.535,10.1717,54.4336
84,Detector1,0.44997,-21.5437,11.0988,92.8887,10.2244,51.4811
84,Detector1,0.432196,-20.292,11.1762,86.1603,10.2673,46.7668
84,Detector1,0.417694,-19.8443,11.2384,78.1547,10.301,44.3148
84,Detector1,0.405343,-17.6552,11.2874,70.0576,10.3288,42.114
84,Detector1,0.395764,-17.8533,11.3256,61.7992,10.3518,39.3757
84,Detector1,0.387195,-18.2392,11.3554,54.2764,10.3708,34.331
84,Detector1,0.379367,-15.4099,11.3788,47.1957,10.3856,28.124
84,Detector1,0.373392,-11.2784,11.3972,37.9349,10.3965,21.4576
84,Detector1,0.369548,-6.55291,11.4102,22.4105,10.4038,11.7973
84,Detector1,0.595856,-49.0919,10.5436,42.91,9.9243,-51.4918
84,Detector1,0.588158,-20.3223,10.5503,18.5402,9.91622,-20.3105
84,Detector1,0.595856,-27.0594,10.5436,-41.4115,9.9243,-31.7416
84,Detector1,0.565705,-24.7329,10.4977,-38.6257,9.8891,-28.5766
84,Detector1,0.541613,-20.8941,10.4603,-36.181,9.86138,-26.241
84,Detector1,0.523674,-19.762,10.4294,-32.562,9.83894,-22.4833
84,Detector1,0.508689,-17.2955,10.4049,-29.1599,9.82195,-19.0093
84,Detector1,0.496936,-14.9429,10.3851,-24.6956,9.80907,-15.5038
84,Detector1,0.487768,-10.363,10.37,-18.417,9.79959,-12.911
84,Detector1,0.48264,-3.44333,10.361,-6.68269,9.79322,-3.82017
84,Detector1,0.595856,56.4544,10.5436,31.5223,9.9243,55.5111
84,Detector1,0.627492,50.9919,10.5612,27.4799,9.95538,50.589
84,Detector1,0.652629,45.0509,10.5747,25.3725,9.9803,44.364
84,Detector1,0.672367,38.9063,10.5858,23.6633,9.99972,36.9369
84,Detector1,0.687742,32.6382,10.5951,18.3001,10.0143,28.6752
84,Detector1,0.699243,21.5726,10.6015,8.83215,10.0244,17.6064
84,Detector1,0.595856,-58.7879,10.5436,-15.5907,9.9243,34.8977
84,Detector1,0.56946,-52.3601,10.5366,-10.5226,9.93996,29.5647
84,Detector1,0.548276,-42.8372,10.5324,-8.17573,9.95192,24.5491
84,Detector1,0.532683,-29.4649,10.5294,-5.86708,9.96086,17.9792
84,Detector1,0.595856,-42.5685,10.5436,32.416,9.9243,23.1245
84,Detector1,0.549408,-38.4958,10.5792,30.5126,9.94959,21.1382
84,Detector1,0.512721,-35.0982,10.6084,28.1903,9.96978,18.5463
84,Detector1,0.48326,-31.3832,10.6322,26.1831,9.98538,15.0383
84,Detector1,0.45994,-27.6538,10.6517,21.7242,9.99657,14.401
84,Detector1,0.441526,-22.1354,10.6662,18.5088,10.0062,13.1316
84,Detector1,0.428234,-14.7824,10.6774,14.1212,10.0141,10.1501
84,Detector1,0.421965,-1.30301,10.6834,1.272,10.0184,0.9715
84,Detector1,0.595856,7.00834,10.5436,47.0226,9.9243,-30.4211
84,Detector1,0.603269,11.1189,10.5923,42.2697,9.89274,-27.5337
84,Detector1,0.613471,11.1055,10.6307,37.9872,9.86771,-25.231
84,Detector1,0.622481,9.89731,10.6613,33.8722,9.8474,-22.8551
84,Detector1,0.631161,10.6531,10.6858,29.5876,9.8319,-17.8528
84,Detector1,0.637578,3.55648,10.7051,25.8595,9.82047,-13.604
84,Detector1,0.639653,2.56752,10.72,16.4272,9.81262,-9.79794
84,Detector1,0.640404,0.194747,10.7248,2.01392,9.80977,-1.16131
84,Detector1,0.6404,-0.133611,10.7249,0.480682,9.80975,-0.264539
84,Detector1,0.595856,57.3226,10.5436,-53.4684,9.9243,74.0244
84,Detector1,0.643061,51.6928,10.4993,-50.667,9.98539,68.8929
84,Detector1,0.680127,46.5743,10.4629,-46.3244,10.0349,64.4195
84,Detector1,0.70926,44.0618,10.4338,-40.858,10.0753,59.1473
84,Detector1,0.73354,38.983,10.4112,-35.0598,10.1079,54.974
84,Detector1,0.752461,33.3786,10.3941,-29.8747,10.1346,49.5505
84,Detector1,0.766828,28.2245,10.3812,-25.6009,10.156,42.3511
84,Detector1,0.777788,24.8327,10.3713,-19.9884,10.1724,31.8225
84,Detector1,0.786274,13.3278,10.3644,-9.77891,10.1833,19.3618
84,Detector1,0.595856,-70.2022,10.5436,41.1443,9.9243,-47.6125
84,Detector1,0.393461,-65.2711,10.6644,39.6466,9.78638,-43.3268
84,Detector1,0.232895,-60.561,10.7634,38.549,9.67934,-39.1263
84,Detector1,0.105406,-53.9314,10.8456,39.2641,9.59667,-36.4788
84,Detector1,0.00807963,-50.1449,10.9172,35.5664,9.5306,-34.6079
84,Detector1,0.595856,121.828,10.5436,-86.6226,9.9243,-70.0554
84,Detector1,0.694855,114.441,10.4728,-79.9897,9.86728,-62.8307
84,Detector1,0.774585,106.015,10.4169,-74.2427,9.82345,-58.3349
84,Detector1,0.838459,97.7572,10.372,-69.9624,9.78826,-51.2404
84,Detector1,0.889325,90.1244,10.3355,-63.5077,9.76157,-47.1404
84,Detector1,0.930232,82.2423,10.3066,-58.3293,9.74015,-41.9199
84,Detector1,0.963047,74.5814,10.2832,-51.4345,9.72341,-37.5654
84,Detector1,0.989409,65.0961,10.265,-45.6264,9.71013,-32.3183
84,Detector1,1.00997,54.7232,10.2506,-39.1874,9.69992,-26.2712
84,Detector1,1.02562,41.8161,10.2394,-28.939,9.69239,-19.1302
84,Detector1,1.03561,14.9459,10.2324,-11.1709,9.68783,-8.04205
84,Detector1,1.03624,0,10.232,-0,9.68749,-0
84,Detector1,0.595856,-42.8571,10.5436,13.9726,9.9243,169.855
84,Detector1,0.595856,101.315,10.5436,22.5992,9.9243,-14.8595
84,Detector1,0.970551,94.4684,10.6231,20.1871,9.86947,-15.1367
84,Detector1,1.2683,89.6398,10.684,15.7034,9.82184,-12.2706
84,Detector1,1.51336,84.5323,10.7251,12.0298,9.78834,-12.4041
84,Detector1,1.71444,78.3778,10.7523,8.98699,9.75886,-13.5172
84,Detector1,1.87276,73.0952,10.7696,5.57634,9.73157,-13.2323
84,Detector1,1.99971,67.9126,10.7787,3.05948,9.7086,-12.4277
84,Detector1,2.10111,63.1196,10.7828,2.81175,9.69005,-11.3616
84,Detector1,2.18159,55.7602,10.7857,-0.302948,9.66967,-19.7355
84,Detector1,2.24409,50.8663,10.7852,0.842155,9.64755,-19.1986
84,Detector1,2.2939,45.5578,10.7859,3.17146,9.62875,-18.9577
84,Detector1,2.33297,41.9783,10.7885,2.57926,9.6125,-14.2217
84,Detector1,2.36481,36.7029,10.7904,-0.208036,9.60171,-12.9302
84,Detector1,2.3897,30.4156,10.7902,0.435273,9.59294,-11.8908
84,Detector1,2.40827,22.6866,10.7904,-0.669945,9.58568,-9.38903
84,Detector1,2.41934,7.53336,10.7901,-0.298613,9.5811,-2.98387
84,Detector1,0.566499,15.7996,10.5229,11.7192,10.0214,59.5921
84,Detector1,0.566499,-16.0075,10.5229,-4.77983,10.0214,-8.74764
84,Detector1,0.595856,22.8748,10.5436,19.0468,9.9243,145.439
84,Detector1,0.672816,22.731,10.6065,17.8885,10.4099,144.691
84,Detector1,0.595856,73.6784,10.5436,100.405,9.9243,578.189
84,Detector1,0.595856,71.4749,10.5436,109.58,9.9243,336.038
84,Detector1,0.595856,27.4147,10.5436,75.6295,9.9243,170.496
84,Detector1,0.595856,42.391,10.5436,35.4289,9.9243,134.441
84,Detector1,0.595856,1.66912,10.5436,-1.47872,9.9243,31.1006
84,Detector1,0.623875,0.181034,10.5162,-0.485197,10.4708,28.8155
84,Detector1,2.65524,3.71324,12.2988,2.3466,10.5,-8.01185
84,Detector1,2.68462,3.88248,12.3143,2.01429,10.4396,-7.88864
84,Detector1,3.00875,3.35178,12.4733,1.33011,9.7662,-6.98473
84,Detector1,3.03103,4.0091,12.481,1.08558,9.72316,-6.55748
84,Detector1,3.13986,3.26159,12.5088,0.765918,9.52386,-4.52348
84,Detector1,0.595856,16.5365,10.5436,-15.0884,9.9243,168.916
84,Detector1,0.595856,-14.3329,10.5436,5.91372,9.9243,73.2345
84,Detector1,0.595856,4.19605,10.5436,39.49,9.9243,254.858
84,Detector1,0.595856,-38.6877,10.5436,-28.8327,9.9243,23.5802
84,Detector1,0.595856,-41.9352,10.5436,197.29,9.9243,394.718
84,Detector1,0.595856,-50.1004,10.5436,-55.1408,9.9243,262.833
84,Detector1,0.595856,2.49979,10.5436,-42.445,9.9243,233.3
84,Detector1,0.595856,6.82497,10.5436,-14.8402,9.92431,64.0816
84,Detector1,0.628573,7.0014,10.4738,-14.4796,10.2254,63.8211
84,Detector1,0.595856,24.8522,10.5436,-7.29699,9.9243,89.0944
84,Detector1,0.595856,-46.4041,10.5436,141.213,9.9243,31.9911
84,Detector2,10.8555,-34.1032,11.4213,-27.2984,199.5,166.615
84,Detector2,7.03325,25.6976,10.5007,-12.845,199.5,144.547
84,Detector2,-2.27923,26.9059,10.795,47.0403,199.5,133.752
84,Detector2,0.708551,0.202795,10.52,0.0545866,199.5,28.1991
84,Detector2,0.711498,-0.198808,10.5207,-0.666547,199.906,26.1331
84,Detector2,0.708761,-0.717856,10.5125,0.546877,200.229,24.4267
84,Detector2,0.701204,-0.531508,10.5186,0.810913,200.492,22.6197
84,Detector2,1.89713,-3.5643,11.0579,2.4148,200.5,-9.51629
84,Detector2,-0.82534,10.1021,11.7793,-18.3458,199.5,168.388
84,Detector2,0.0354314,6.02947,13.7177,13.4999,199.5,72.4962
84,Detector2,-13.782,20.3114,6.68895,-32.6566,199.5,254.149
84,Detector2,-13.7257,21.1105,6.59974,-32.3721,200.197,253.082
84,Detector2,-16.3578,57.8549,39.0487,47.4669,199.5,260.66
84,Detector2,1.90385,26.136,10.6439,-6.72231,199.5,87.7669
84,Detector2,1.95681,26.6131,10.63,-6.82743,199.678,87.1935
84,Detector3,3.77032,25.1327,21.6022,27.2243,499.5,160.094
84,Detector3,3.79489,25.8101,21.6287,27.7842,499.656,159.025
84,Detector3,7.71068,17.3926,7.80361,-2.68321,499.5,86.783
84,Detector3,-5.23736,-3.09511,-38.7662,-9.55452,499.5,56.8812
84,Detector3,-25.5565,28.7591,3.09728,-37.3551,499.5,131.076
84,Detector3,-25.4086,30.8963,2.9097,-37.0039,500.164,129.217
84,Detector3,1.18889,-0.746927,11.0084,6.74053,499.5,8.26472
84,Detector3,1.18607,-0.058409,11.0368,6.11995,499.535,7.44871
84,Detector3,1.18609,0.636739,11.0595,5.50038,499.562,6.51426
84,Detector3,1.18837,-0.75912,11.0777,4.4206,499.584,5.71499
84,Detector3,1.18622,0.596699,11.0909,4.01965,499.601,4.30886
84,Detector3,1.18785,0.699645,11.1013,2.44688,499.612,2.56754
84,Detector3,1.18851,0.135545,11.1036,0.668093,499.615,0.433007
84,Detector3,1.18851,0,11.1036,0,499.615,0
84,Detector3,1.18851,-0.806487,11.1036,4.10743,499.615,-10.108
84,Detector3,1.18851,2.00662,11.1036,-6.32281,499.615,-3.05709
84,Detector3,1.18851,-1.21134,11.1036,2.27249,499.615,13.0246
84,Detector3,5.06961,-11.0456,15.7087,17.2766,499.5,167.197
84,Detector3,5.01526,-11.6532,15.7914,16.8717,500.307,166.205
84,Detector3,5.64158,-11.1084,10.5191,-8.68047,499.5,70.4886
84,Detector3,5.51313,-11.651,10.4249,-7.11471,500.296,69.0869
84,Detector3,-14.6668,21.2146,5.70361,-30.2208,499.5,252.22
84,Detector3,-3.71593,-42.3988,13.5451,58.4562,499.5,256.614
84,Detector3,6.85015,-2.04331,5.13403,-24.2765,499.5,85.3978
84,Detector3,6.84818,-2.20486,5.11137,-24.4861,499.58,84.9017
98,Detector1,0.584541,61.8793,10.4691,563.817,9.5,3217.48
98,Detector2,8.85368,203.949,42.8377,528.739,199.5,3216.36
85,Detector1,0.58683,62.1888,10.4693,563.817,9.5,3217.47
85,Detector2,9.04089,207.315,42.7882,527.805,199.5,3216.31
85,Detector2,9.0674,208.625,42.8556,526.993,199.911,3215.83
99,Detector1,0.58402,61.92,10.4697,563.908,9.5,3217.45
99,Detector1,0.593554,61.3019,10.5562,563.937,9.99347,3216.7
99,Detector2,8.86405,205.269,42.8192,528.198,199.5,3216.14
99,Detector2,8.89347,204.326,42.8948,527.983,199.961,3215.62
95,Detector1,0.587503,62.1448,10.4706,563.978,9.5,3217.45
95,Detector1,0.596001,-17.3392,10.5474,-14.9531,9.9385,-23.985
95,Detector1,0.58531,-12.4451,10.5382,-12.5828,9.92373,-18.0606
95,Detector1,0.578987,-4.82732,10.5319,-4.91418,9.91457,-7.98266
95,Detector1,0.596001,69.7575,10.5474,19.9131,9.9385,51.5373
95,Detector1,0.637569,63.9975,10.5592,20.3088,9.96919,44.9184
95,Detector1,0.670993,56.9798,10.5698,19.0921,9.99264,40.7256
95,Detector1,0.697425,51.2862,10.5786,15.1193,10.0115,34.7843
95,Detector1,0.718786,42.8801,10.5849,11.5812,10.026,29.3372
95,Detector1,0.734888,31.4307,10.5892,9.84179,10.037,22.6404
95,Detector1,0.744451,10.117,10.5922,3.68811,10.0439,6.58382
95,Detector1,0.596001,-27.5636,10.5474,-47.1279,9.9385,1.11509
95,Detector1,0.568712,-24.7997,10.5011,-43.3731,9.9396,-1.42787
95,Detector1,0.547058,-22.8574,10.4634,-38.6891,9.93835,-0.497612
95,Detector1,0.529441,-18.7344,10.4337,-35.0131,9.93797,-0.963584
95,Detector1,0.516502,-15.2548,10.4096,-30.0185,9.93731,0.82886
95,Detector1,0.506998,-11.1326,10.391,-23.6972,9.93782,-0.498177
95,Detector1,0.501109,-6.29808,10.3785,-10.9791,9.93756,0.329575
95,Detector1,0.50035,-0.375441,10.3772,-0.626535,9.9376,-0.0152622
95,Detector1,0.596001,-36.6622,10.5474,-111.589,9.9385,110.527
95,Detector1,0.589544,-32.7629,10.5278,-95.0728,9.9579,94.4735
95,Detector1,0.584338,-25.4944,10.5128,-78.0912,9.97288,72.7644
95,Detector1,0.580789,-14.3164,10.5019,-41.5605,9.98298,39.5651
95,Detector1,0.596001,-31.9007,10.5474,95.6371,9.9385,-11.4952
95,Detector1,0.591892,-12.9557,10.5598,34.8812,9.93701,-4.60743
95,Detector1,0.596001,12.1014,10.5474,20.2465,9.9385,-18.4431
95,Detector1,0.596001,55.8556,10.5474,102.766,9.9385,45.8189
95,Detector1,0.607601,48.1576,10.5687,85.2648,9.94799,36.7203
95,Detector1,0.616573,36.1995,10.5846,63.5876,9.95482,26.7813
95,Detector1,0.621747,11.8036,10.5936,21.0002,9.95864,8.53385
95,Detector1,0.596001,-23.2988,10.5474,27.8961,9.9385,45.0003
95,Detector1,0.570932,-21.0935,10.5776,27.5817,9.98709,40.0893
95,Detector1,0.551631,-16.7587,10.6032,23.5785,10.0255,38.5837
95,Detector1,0.537747,-15.945,10.6229,19.9427,10.0575,34.7307
95,Detector1,0.526023,-13.0287,10.6376,18.2705,10.0831,29.7118
95,Detector1,0.517472,-10.7839,10.6496,15.5976,10.1027,24.2346
95,Detector1,0.511105,-7.41732,10.6589,11.8809,10.117,17.0884
95,Detector1,0.596001,-67.55,10.5474,6.78063,9.9385,-13.7703
95,Detector1,1.66376,63.5571,9.72154,25.4966,9.53131,4.08271
95,Detector1,0.596001,66.2628,10.5474,28.4641,9.9385,72.7067
95,Detector1,0.828575,60.0598,10.6447,27.969,10.1926,69.2702
95,Detector1,1.00989,58.5849,10.7273,25.5798,10.401,63.0616
95,Detector1,0.596001,83.1997,10.5474,32.7628,9.9385,243.166
95,Detector1,0.596001,-19.742,10.5474,-15.1202,9.9385,-27.2289
95,Detector1,0.596,-4.09738,10.5474,-3.25721,9.93849,-16.6265
95,Detector1,0.518759,-4.82564,10.4787,-2.50903,9.61538,-16.0455
95,Detector1,0.596001,-15.6166,10.5474,222.072,9.9385,218.327
95,Detector1,0.596001,-37.0521,10.5474,114.721,9.9385,302.819
95,Detector1,0.596001,33.4881,10.5474,-20.0223,9.9385,107.164
95,Detector1,0.596001,23.8175,10.5474,-71.0449,9.9385,561.489
95,Detector1,0.61159,23.2463,10.5006,-70.4322,10.308,561.023
95,Detector1,0.596001,-11.0005,10.5474,55.2352,9.9385,-65.3861
95,Detector1,0.575964,-2.4146,10.678,50.4432,9.78168,-62.5633
95,Detector1,0.571623,-0.81727,10.7809,45.7579,9.65416,-59.6722
95,Detector1,0.570573,-1.42544,10.8619,40.2881,9.54851,-56.8329
95,Detector1,0.596001,-0.978337,10.5474,18.4398,9.9385,83.5171
95,Detector1,0.596001,-14.105,10.5474,14.6852,9.9385,33.1711
95,Detector1,0.596001,-121.001,10.5474,165.085,9.9385,887.116
95,Detector2,-6.87236,-25.2483,-9.62574,52.251,199.5,57.9128
95,Detector2,-6.92539,-20.9277,-9.51436,49.322,199.623,54.4681
95,Detector2,-6.96323,-18.2895,-9.42393,45.3152,199.723,51.4612
95,Detector2,-6.9917,-15.3351,-9.35251,42.6301,199.804,47.4898
95,Detector2,-7.01221,-12.9755,-9.29481,40.0039,199.868,43.5325
95,Detector2,-7.0272,-12.8815,-9.2481,37.6104,199.919,38.8876
95,Detector2,-7.04015,-11.6169,-9.20994,34.8402,199.958,35.1385
95,Detector2,-7.0504,-12.0225,-9.17894,28.7087,199.989,33.2684
95,Detector2,-7.05972,-10.2127,-9.15656,26.0554,200.015,28.783
95,Detector2,-7.06677,-8.62531,-9.13847,22.207,200.035,24.265
95,Detector2,-7.07213,-6.45974,-9.1246,17.0884,200.05,18.7027
95,Detector2,-7.07551,-3.86031,-9.1156,7.9111,200.06,8.76645
95,Detector2,-7.07596,-0.238132,-9.11468,0.627692,200.061,0.597325
95,Detector2,0.923683,-85.5546,-25.4879,14.2824,199.5,243.389
95,Detector2,16.2462,-44.6469,41.2251,68.8171,199.5,77.5963
95,Detector2,-4.43829,-49.6645,-5.09122,-8.99639,199.5,515.898
95,Detector2,-4.46019,-48.9442,-5.09516,-8.67378,199.728,514.999
95,Detector2,-0.189404,-0.519158,10.3389,17.1083,199.5,83.0288
95,Detector2,-5.46344,48.2902,52.3929,198.273,199.5,886.564
95,Detector3,-5.79726,-79.8755,-23.1252,20.418,499.5,238.719
95,Detector3,-6.00863,-78.1326,-23.0698,20.1239,500.133,237.906
95,Detector3,-48.2384,-13.1943,-8.48726,-74.2186,499.5,68.0301
95,Detector3,-48.3477,-12.621,-9.15149,-70.5773,500.108,69.8963
95,Detector3,-48.3768,-12.3198,-9.31733,-70.1251,500.272,69.8536
95,Detector3,-8.29659,45.7112,12.5673,11.5135,499.5,513.94
95,Detector3,-8.28894,46.2498,12.5693,12.1324,499.586,513.27
95,Detector3,-8.24667,46.7915,12.5802,12.9161,500.055,512.55
95,Detector3,9.74105,14.4967,1.05383,-52.6018,499.5,12.7996
95,Detector3,9.75577,11.9808,0.999822,-48.8961,499.513,9.99001
95,Detector3,9.76645,10.6418,0.955748,-43.27,499.522,10.9964
95,Detector3,9.77473,7.76347,0.921751,-38.5815,499.531,9.44931
95,Detector3,9.7801,8.42078,0.8948,-32.098,499.537,8.97083
95,Detector3,9.78535,6.46851,0.874642,-24.976,499.543,7.6557
95,Detector3,9.79463,10.78,0.865432,-8.41187,499.549,5.65859
95,Detector3,9.79641,1.10215,0.864045,-0.833077,499.549,0.714486
61,Detector1,0.586186,62.1816,10.4693,563.957,9.5,3217.45
61,Detector1,6.21391,-26.5354,14.3742,13.0211,10.5,-26.112
61,Detector1,6.19576,-22.588,14.3832,9.3338,10.4821,-22.4727
61,Detector1,6.18185,-17.831,14.389,6.06445,10.4683,-17.0681
61,Detector1,6.17276,-6.66965,14.3921,2.39186,10.4596,-6.74648
61,Detector1,6.17226,-0.454314,14.3922,0.107377,10.4591,-0.472362
61,Detector1,25.2657,62.6809,21.9261,-88.3325,10.5,-118.87
61,Detector1,25.2822,55.2644,21.9027,-77.4695,10.4686,-108.63
61,Detector1,25.2951,48.3898,21.8847,-66.4078,10.4433,-97.2923
61,Detector1,25.3052,45.1053,21.8707,-53.7814,10.4229,-81.46
61,Detector1,25.3137,32.7017,21.8606,-41.7964,10.4075,-61.5351
61,Detector1,25.3187,3.26347,21.8542,-4.36775,10.3981,-5.76198
61,Detector2,-7.579,26.9275,9.63433,-13.5224,199.5,192.797
61,Detector2,-7.44363,28.7498,9.56864,-13.1281,200.463,191.13
61,Detector2,1.23029,-6.47155,16.5376,12.6877,199.5,130.242
61,Detector2,0.0594636,4.08671,16.3918,2.05702,199.5,69.1312
61,Detector2,0.0656066,4.66127,16.3949,3.7404,199.604,64.1374
61,Detector2,0.0717059,4.49333,16.3998,4.40736,199.687,58.9693
61,Detector2,0.0767797,3.29352,16.4047,6.69251,199.754,54.1949
61,Detector2,0.080051,2.11979,16.4113,4.45684,199.807,49.4128
61,Detector2,0.0826074,3.70889,16.4141,1.30405,199.85,44.3387
61,Detector2,0.08543,4.27272,16.4151,1.17822,199.884,38.5653
61,Detector2,0.0883229,2.00661,16.4159,1.62254,199.91,32.435
61,Detector2,0.0895477,1.05425,16.4168,1.55981,199.93,24.6263
61,Detector2,0.0900671,0.127938,16.4176,0.126029,199.942,7.89694
61,Detector2,11.5587,14.1242,10.8319,-16.3911,199.5,23.8155
61,Detector2,11.5673,10.551,10.822,-13.7945,199.514,15.758
61,Detector2,11.572,0.492318,10.8157,-0.745958,199.521,0.525503
61,Detector2,0.97277,-21.2393,10.6107,-15.524,199.5,105.434
61,Detector2,0.790577,-23.1014,10.484,-15.5833,200.39,103.785
61,Detector3,-1.08968,3.95548,13.7116,30.1877,499.5,190.764
61,Detector3,0.90598,-1.27514,15.4869,12.2509,499.5,128.997
61,Detector3,-4.36853,10.0349,16.9977,22.9275,499.5,102.806
61,Detector3,-4.31634,10.005,17.1129,21.381,500.02,101.659
62,Detector1,0.586213,62.0491,10.4704,563.959,9.5,3217.45
62,Detector2,8.87867,204.405,42.8277,528.937,199.5,3216.36
62,Detector2,8.90702,204.623,42.9009,531.046,199.945,3215.37
62,Detector2,8.91441,205.292,42.9201,530.404,200.061,3214.79
63,Detector1,0.585399,61.8646,10.4675,563.655,9.5,3217.51
63,Detector2,8.91758,205.257,42.8995,530.02,199.5,3216.09
64,Detector1,0.585469,61.9185,10.4704,564.104,9.5,3217.42
64,Detector2,8.81572,203.54,42.8363,529.35,199.5,3216.3
48,Detector1,0.585895,61.9183,10.4713,563.985,9.5,3217.45
48,Detector1,0.598509,65.2545,10.5857,563.863,10.1521,3216.46
48,Detector1,0.598895,27.3143,10.589,-57.342,10.1712,20.8381
48,Detector1,0.610642,22.0967,10.5643,-49.1922,10.1802,18.1676
48,Detector1,0.619205,17.4065,10.5451,-38.6492,10.1872,14.9055
48,Detector1,0.625135,6.90331,10.5319,-22.6996,10.1923,8.67593
48,Detector1,0.598895,-50.2211,10.589,10.7462,10.1712,16.1856
48,Detector1,0.550467,-45.5267,10.5995,10.3728,10.1868,13.8638
48,Detector1,0.512181,-41.1462,10.6083,9.20056,10.1985,11.5943
48,Detector1,0.481449,-35.9792,10.6152,6.54977,10.2071,11.2916
48,Detector1,0.457347,-30.6904,10.6197,5.40415,10.2147,7.32492
48,Detector1,0.438803,-22.3904,10.623,4.27532,10.2191,5.82196
48,Detector1,0.428621,-2.90608,10.6248,0.544694,10.2216,0.200222
48,Detector1,0.598895,15.9156,10.589,-4.35257,10.1712,-55.1241
48,Detector1,0.605114,11.4313,10.5873,-4.69531,10.1496,-44.0272
48,Detector1,0.609062,5.15678,10.5857,-4.52776,10.1344,-25.8705
48,Detector1,0.598895,-89.3008,10.589,73.3357,10.1712,14.8598
48,Detector1,0.183734,-82.9508,10.9391,69.4514,10.241,10.9326
48,Detector1,-0.145814,-74.8683,11.2213,67.5872,10.2849,10.8582
48,Detector1,-0.253919,-67.566,11.3196,64.7988,10.3006,31.1385
48,Detector1,-0.469014,-63.9831,11.5296,60.9006,10.4006,27.2969
48,Detector1,-0.644755,-58.8388,11.6988,56.1812,10.4791,29.5635
48,Detector1,-0.253919,-4.77983,11.3196,1.57421,10.3006,-20.5796
48,Detector1,0.598895,40.8325,10.589,-30.6869,10.1712,83.8681
48,Detector1,0.606225,28.5812,10.5835,-19.992,10.1862,57.6993
48,Detector1,0.598895,12.2895,10.589,8.08927,10.1712,63.2871
48,Detector1,0.615233,11.114,10.5997,7.40541,10.2551,58.4243
48,Detector1,0.628003,11.9591,10.6081,10.377,10.3221,52.8726
48,Detector1,0.640011,10.3498,10.6185,10.642,10.375,48.0767
48,Detector1,0.649111,10.3899,10.6278,9.11302,10.4172,43.5705
48,Detector1,0.65725,9.45904,10.6349,8.89936,10.4513,38.6069
48,Detector1,0.663902,9.10491,10.6411,8.92909,10.4784,32.4852
48,Detector1,0.669675,6.80204,10.6468,7.0397,10.4989,25.8026
48,Detector1,0.598895,21.2465,10.589,15.2296,10.1712,117.011
48,Detector1,0.620583,18.6032,10.6044,13.5122,10.2904,108.769
48,Detector1,0.636897,17.6354,10.6162,13.5539,10.3856,100.659
48,Detector1,0.65031,17.0522,10.6265,12.0928,10.462,92.6807
48,Detector1,2.35979,12.9887,11.2212,29.3862,10.3121,14.9651
48,Detector1,7.64015,42.8599,11.0214,8.75541,9.51264,-7.61049
48,Detector1,7.64015,-2.66824,11.0214,3.26258,9.51264,19.4956
48,Detector1,7.63931,-0.127929,11.0224,0.24817,9.51875,1.55955
48,Detector1,0.598895,-82.5051,10.589,51.4858,10.1712,-60.002
48,Detector1,0.563939,-74.8621,10.6109,45.1658,10.1457,-54.8199
48,Detector1,0.53601,-65.928,10.6277,39.0916,10.1253,-50.4205
48,Detector1,0.514089,-57.5003,10.6408,33.3528,10.1085,-42.8619
48,Detector1,0.496842,-46.8936,10.6508,28.7659,10.0956,-33.0298
48,Detector1,0.484175,-32.0752,10.6586,17.1369,10.0867,-22.0399
48,Detector1,0.479313,-0,10.6612,0,10.0834,-0
48,Detector1,0.598895,81.0962,10.589,-72.3824,10.1712,-18.6011
48,Detector1,0.668633,72.8786,10.5264,-69.952,10.1551,-14.1631
48,Detector1,0.722826,67.831,10.4742,-63.9939,10.1446,-13.3394
48,Detector1,0.766879,61.3845,10.4325,-59.2162,10.1359,-13.033
48,Detector1,0.801792,54.6033,10.3987,-54.4247,10.1285,-11.4201
48,Detector1,0.82906,48.5988,10.3715,-49.2723,10.1228,-7.53085
48,Detector1,0.850708,42.9731,10.3495,-41.9054,10.1194,-6.9962
48,Detector1,0.867963,34.3102,10.3326,-35.2802,10.1166,-4.34378
48,Detector1,0.880353,24.1312,10.3198,-23.8856,10.115,0.213808
48,Detector1,0.598895,112.514,10.589,91.5705,10.1712,102.19
48,Detector1,0.706039,105.491,10.6757,87.0295,10.2683,93.4584
48,Detector1,0.792671,97.3946,10.7469,82.7269,10.3449,86.3933
48,Detector1,0.861745,91.5685,10.8053,75.7792,10.4061,80.136
48,Detector1,0.918067,83.1374,10.8517,70.732,10.4553,74.3416
48,Detector1,0.962209,77.3731,10.8892,63.282,10.4947,68.0842
48,Detector1,0.598895,45.2728,10.589,-44.6445,10.1712,68.6122
48,Detector1,0.726743,41.396,10.4609,-42.6045,10.3665,63.9804
48,Detector1,0.598895,-65.186,10.589,61.648,10.1712,-89.3477
48,Detector1,0.233507,-57.9545,10.9456,62.3392,9.66268,-83.0638
48,Detector1,0.598895,-60.055,10.589,-24.6182,10.1712,434.459
48,Detector1,0.598895,3.10624,10.589,71.7742,10.1712,-66.9768
48,Detector1,0.610778,2.66291,10.817,67.0608,9.95829,-62.6219
48,Detector1,0.619421,2.28681,10.9999,61.5151,9.78747,-59.852
48,Detector1,0.625735,3.01712,11.1445,56.8288,9.64676,-56.0795
48,Detector1,0.635703,5.77375,11.2601,53.5637,9.53569,-51.3881
48,Detector1,0.598895,176.92,10.589,331.583,10.1712,2405.82
48,Detector2,-19.2292,-32.8131,-36.0974,61.5313,199.5,26.8223
48,Detector2,-19.2862,-32.6427,-35.9898,56.5304,199.547,23.8275
48,Detector2,-19.3352,-27.8375,-35.9043,52.8627,199.583,23.743
48,Detector2,-19.3713,-26.6868,-35.8355,48.3071,199.614,21.9329
48,Detector2,-19.4013,-24.9952,-35.7809,44.4546,199.638,18.6777
48,Detector2,-19.4256,-22.0447,-35.7375,41.2012,199.657,16.6067
48,Detector2,-19.4446,-20.0996,-35.702,36.3595,199.671,16.5236
48,Detector2,-19.4599,-17.2728,-35.6742,33.0185,199.684,13.2011
48,Detector2,-19.4717,-13.6612,-35.6515,28.4431,199.693,12.1203
48,Detector2,-19.4802,-8.75003,-35.6338,21.9319,199.7,10.3012
48,Detector2,-19.4847,-4.73316,-35.6224,8.93232,199.706,4.88957
48,Detector2,-19.4851,-0.189404,-35.6216,0.573002,199.706,0.277547
48,Detector2,5.80806,14.1896,9.62541,-11.5393,199.5,66.3787
48,Detector2,5.81432,13.707,9.62031,-7.84528,199.529,57.4468
48,Detector2,5.81978,11.0125,9.61718,-9.84383,199.552,45.8773
48,Detector2,5.82371,7.90574,9.61366,-4.91673,199.569,30.768
48,Detector2,-3.52762,50.2131,17.1019,16.2874,199.5,56.8472
48,Detector2,-3.43262,45.8735,17.1323,15.6303,199.607,53.7656
48,Detector2,-3.3574,44.5828,17.1575,10.3744,199.695,49.418
48,Detector2,-3.29403,41.1855,17.172,4.5032,199.766,46.318
48,Detector2,-3.24368,38.6167,17.1774,2.8939,199.822,42.6893
48,Detector2,-3.2033,33.5949,17.18,-0.121753,199.869,40.6113
48,Detector2,-3.17189,30.382,17.1798,1.02102,199.907,36.7511
48,Detector2,-3.14697,25.8167,17.1806,-1.01386,199.937,33.8489
48,Detector2,-3.12815,20.3934,17.1798,0.575777,199.962,30.929
48,Detector2,-3.11477,18.4035,17.1802,-0.344784,199.982,24.2327
48,Detector2,-3.10395,13.8554,17.18,0.0703096,199.996,15.6527
48,Detector2,-3.09913,0.861807,17.18,0.0191744,200.002,0.80171
48,Detector2,19.138,282.28,33.5428,249.899,199.5,2405.19
49,Detector1,0.586222,61.9662,10.4691,563.807,9.5,3217.47
49,Detector2,8.77841,202.912,42.8685,529.727,199.5,3216.24
50,Detector1,0.585087,61.93,10.4678,563.69,9.5,3217.5
50,Detector1,0.59695,64.0637,10.5753,562.353,10.1134,3215.86
50,Detector2,9.00039,206.625,42.6593,525.714,199.5,3215.55
50,Detector2,9.02929,206.421,42.7327,526.882,199.95,3214.73
51,Detector1,0.584637,61.8679,10.4722,564.187,9.5,3217.31
51,Detector1,0.587363,61.239,10.497,564.493,9.64161,3216.92
51,Detector2,8.85384,204.116,42.7782,528.175,199.5,3216.15
52,Detector1,0.586125,62.428,10.4705,564.092,9.5,3217.41
52,Detector1,0.592217,63.4691,10.5254,564.67,9.81318,3216.31
52,Detector1,0.599394,63.5093,10.5891,563.922,10.1759,3215.62
52,Detector1,0.600408,83.1893,10.5981,554.725,10.2272,3216.69
52,Detector1,0.600408,-19.633,10.5981,8.92797,10.2272,-1.07397
52,Detector2,9.97664,221.902,42.0825,513.972,199.5,3216.51
65,Detector1,0.585705,62.0884,10.4697,563.852,9.5,3217.47
65,Detector1,0.588653,148.563,10.4965,-9.69152,9.65261,-45.2329
65,Detector1,0.6263,132.599,10.494,-10.8909,9.64114,-41.9226
65,Detector1,0.656216,116.257,10.4915,-4.8431,9.63168,-34.0674
65,Detector1,0.679736,82.2707,10.4905,-12.057,9.62479,-54.138
65,Detector1,0.694601,58.3014,10.4883,-10.4728,9.61501,-35.4932
65,Detector1,0.588653,-3.10465,10.4965,83.3891,9.65261,14.1788
65,Detector1,0.587002,-4.53635,10.5428,75.0169,9.66047,12.8233
65,Detector1,0.584839,-5.58333,10.5794,66.6095,9.66673,10.4326
65,Detector1,0.582443,-6.38412,10.6084,57.0894,9.67127,8.92824
65,Detector1,0.579958,-3.7801,10.6308,45.8665,9.67478,7.19539
65,Detector1,0.578652,-3.11886,10.6468,28.6914,9.67729,3.60767
65,Detector1,0.588653,-17.5254,10.4965,0.0661495,9.65261,12.263
65,Detector1,0.588653,35.7398,10.4965,36.3357,9.65261,155.49
65,Detector1,0.617272,32.6282,10.5255,34.8271,9.77684,144.308
65,Detector1,0.639752,30.5764,10.5494,31.2331,9.87606,133.725
65,Detector1,0.657921,25.8222,10.5679,31.7072,9.95539,122.891
65,Detector1,0.671194,22.4888,10.5841,28.4047,10.0184,112.694
65,Detector1,0.681235,19.4777,10.5968,25.716,10.0687,101.909
65,Detector1,0.688821,16.4257,10.6068,23.8992,10.1083,91.2609
65,Detector1,0.694506,12.5643,10.615,19.2082,10.1399,80.3208
65,Detector1,0.698409,9.26908,10.621,16.2945,10.1648,67.1399
65,Detector1,0.701022,5.20677,10.6255,10.4316,10.1837,49.7662
65,Detector1,0.70217,1.21365,10.6278,1.34972,10.1946,6.77448
65,Detector1,0.702194,0,10.6279,0,10.1948,0
65,Detector1,1.36544,-14.2186,12.5364,26.2429,10.4336,-6.78301
65,Detector1,0.588653,-156.123,10.4965,-35.2806,9.65261,-40.2437
65,Detector1,0.560712,-132.768,10.4902,-38.6125,9.64541,-31.8445
65,Detector1,0.539328,-105.782,10.484,-32.333,9.64028,-28.6097
65,Detector1,0.524213,-64.9628,10.4794,-19.3052,9.63619,-15.7175
65,Detector1,0.588653,51.7273,10.4965,-31.386,9.65261,64.3136
65,Detector1,0.7175,47.7893,10.4171,-28.7912,9.81349,60.8169
65,Detector1,0.820183,43.3173,10.3544,-26.6629,9.94464,58.0704
65,Detector1,0.900916,41.2936,10.3041,-24.8146,10.0532,53.257
65,Detector1,0.967275,36.1229,10.2638,-24.8295,10.139,50.1144
65,Detector1,1.01731,34.0211,10.2291,-22.535,10.2086,46.4859
65,Detector1,1.05845,31.4213,10.2017,-20.9496,10.265,42.5829
65,Detector1,1.09143,29.9418,10.1796,-18.3338,10.3098,38.4266
65,Detector1,1.11889,28.1661,10.1626,-16.048,10.3451,34.018
65,Detector1,1.14157,23.7111,10.1497,-14.4757,10.3725,31.2611
65,Detector1,1.15856,20.2529,10.1392,-12.3157,10.3949,27.3487
65,Detector1,1.17164,15.6934,10.1313,-9.94793,10.4126,22.8705
65,Detector1,1.18069,10.0513,10.1255,-5.4874,10.4258,15.6476
65,Detector1,1.18364,0.402605,10.1239,-0.231024,10.4304,0.736338
65,Detector1,0.588653,40.3166,10.4965,-43.2073,9.65261,83.5163
65,Detector1,0.596055,30.541,10.4885,-28.6315,9.66796,60.4297
65,Detector1,0.588653,27.5146,10.4965,23.8203,9.65261,35.58
65,Detector1,0.61321,25.5494,10.5176,21.3347,9.6843,31.6794
65,Detector1,0.633336,22.9653,10.5344,19.2247,9.7092,27.4885
65,Detector1,0.649455,19.6059,10.5478,15.9315,9.72847,23.466
65,Detector1,0.6618,15.6188,10.5578,13.4113,9.74322,17.3241
65,Detector1,0.670259,8.05478,10.5651,7.95976,9.75259,8.89658
65,Detector1,0.671514,0.926208,10.5663,0.86029,9.75398,0.968312
65,Detector1,0.588653,-85.7219,10.4965,-15.362,9.65261,41.5659
65,Detector1,0.356185,-41.0304,10.4236,-12.8351,9.67935,4.75929
65,Detector1,0.222006,-41.0254,10.383,-12.1941,9.69548,4.78202
65,Detector1,-1.59373,-39.3535,10.072,-1.61812,9.88717,4.9095
65,Detector1,-2.0532,-38.5846,10.0615,-0.338009,9.93983,4.44414
65,Detector1,-3.13672,-36.8092,10.1536,6.66864,10.0447,2.37923
65,Detector1,-3.71822,-34.5936,10.2895,10.5153,10.1023,5.70727
65,Detector1,-3.99235,-33.9678,10.3741,10.6263,10.1449,5.11348
65,Detector1,-4.56221,-30.6564,10.5948,13.9844,10.239,6.38343
65,Detector1,-4.57595,-30.5198,10.6011,14.0964,10.2418,6.33973
65,Detector1,10.7384,1.31227,-6.69438,-0.133316,10.5,-6.65093
65,Detector1,10.787,1.54087,-6.71721,-0.916163,10.2801,-6.15807
65,Detector1,10.7964,1.63428,-6.72338,-1.12653,10.2451,-6.02388
65,Detector1,10.7973,1.00381,-6.72405,-0.711036,10.2417,-3.4239
65,Detector1,10.8291,-0.350704,-6.90313,-0.848054,9.56279,-2.53382
65,Detector1,-2.24863,-0.322431,10.0411,-0.0553081,9.97499,0.0605421
65,Detector1,-2.30079,-0.00271145,10.0582,0.0121822,9.98556,0.161504
65,Detector1,-2.30082,0,10.059,0,9.99614,0
65,Detector1,0.588653,-71.5421,10.4965,61.4102,9.65261,191.535
65,Detector1,0.588653,-52.4525,10.4965,-34.5102,9.65261,32.864
65,Detector1,0.506116,-50.5121,10.4427,-31.1642,9.70417,27.9753
65,Detector1,0.437722,-48.2436,10.4009,-27.6428,9.74196,24.6709
65,Detector1,0.380853,-44.644,10.3685,-25.4425,9.77099,21.6816
65,Detector1,0.335326,-39.5228,10.3427,-25.1629,9.79307,19.9703
65,Detector1,0.300038,-35.0668,10.3204,-23.329,9.81087,18.2045
65,Detector1,0.272469,-29.9611,10.3021,-20.2827,9.82516,18.4977
65,Detector1,0.252435,-24.9179,10.2866,-18.5523,9.83812,15.6966
65,Detector1,0.236664,-19.9007,10.2749,-14.1304,9.84804,12.986
65,Detector1,0.225648,-12.1168,10.2671,-7.92762,9.85522,6.27353
65,Detector1,0.223364,-0.370383,10.2656,-0.196628,9.8564,0.184526
65,Detector1,0.588653,-6.92159,10.4965,0.388255,9.65261,53.3698
65,Detector1,0.581981,-5.21162,10.4969,1.67038,9.70406,48.6073
65,Detector1,0.577576,-4.93261,10.4983,2.78765,9.74517,43.6505
65,Detector1,0.573871,-5.64245,10.5004,2.76711,9.778,38.0202
65,Detector1,0.570076,-5.86101,10.5023,1.77225,9.8036,31.4478
65,Detector1,0.566533,-4.60187,10.5034,1.78571,9.82261,23.2124
65,Detector1,0.564413,-1.21757,10.5042,-0.25451,9.83331,5.38765
65,Detector1,0.588653,24.3457,10.4965,136.107,9.65261,-2.14611
65,Detector1,0.720073,74.9987,11.1766,113.7,9.64185,-31.6235
65,Detector1,0.720073,-35.2468,11.1766,6.29997,9.64185,90.4483
65,Detector1,0.715767,2.10988,11.1774,6.44042,9.65291,-0.223744
65,Detector1,0.720073,-24.3893,11.1766,7.53396,9.64185,-4.11565
65,Detector1,0.707385,-11.594,11.1806,3.31922,9.63971,-2.40744
65,Detector1,0.720073,29.6614,11.1766,14.2311,9.64185,-8.51741
65,Detector1,0.738592,22.2027,11.1855,10.8579,9.63654,-8.13826
65,Detector1,0.750234,10.616,11.1911,4.7952,9.63228,-3.60912
65,Detector1,0.720073,-23.833,11.1766,-28.5221,9.64185,-16.5495
65,Detector1,0.703323,-20.2982,11.1566,-23.8242,9.63025,-15.0417
65,Detector1,0.689608,-18.1339,11.1416,-18.5445,9.62215,-9.03753
65,Detector1,0.679616,-9.7094,11.1314,-10.9339,9.61717,-4.45409
65,Detector1,0.588653,22.275,10.4965,4.37517,9.65261,169.387
65,Detector1,0.594755,22.4738,10.4977,4.18322,9.699,168.782
65,Detector1,0.588653,63.2674,10.4965,-42.73,9.65261,158.568
65,Detector1,0.588653,61.1596,10.4965,-51.7214,9.65261,732.047
65,Detector1,0.63825,-32.6261,10.4544,-30.3976,10.2474,-13.0355
65,Detector1,0.63825,10.7935,10.4544,6.20536,10.2474,21.5356
65,Detector1,0.643615,4.49305,10.4574,2.28466,10.2581,7.37174
65,Detector1,0.63825,-125.922,10.4544,29.7223,10.2474,375.034
65,Detector1,0.630281,-125.541,10.4562,30.0805,10.2711,374.834
65,Detector1,0.63825,222.165,10.4544,-54.4141,10.2474,87.9133
65,Detector1,0.63825,-16.4411,10.4544,7.56587,10.2474,268.012
65,Detector1,0.588653,74.0001,10.4965,25.635,9.65261,131.878
65,Detector2,8.68359,-13.9126,-10.7013,27.7432,199.5,6.5573
65,Detector2,8.60428,-13.2593,-10.5387,28.0245,199.536,5.77849
65,Detector2,8.55246,-12.3673,-10.4252,27.9728,199.559,6.31222
65,Detector2,8.53105,-9.29752,-10.3761,21.262,199.57,4.86436
65,Detector2,8.34661,-5.49249,-9.85175,21.3988,199.705,5.98286
65,Detector2,8.32987,-5.30197,-9.78535,21.3374,199.723,5.96187
65,Detector2,8.29652,-4.96316,-9.64235,21.1444,199.765,6.24421
65,Detector2,8.22847,1.19262,-8.7818,21.0825,200.022,4.64619
65,Detector2,8.23479,1.5428,-8.67424,20.9105,200.047,4.81629
65,Detector2,8.25661,1.63545,-8.44824,20.6897,200.094,4.51036
65,Detector2,8.30336,3.14797,-8.11824,15.6577,200.159,2.94904
65,Detector2,9.04165,6.89927,-6.73396,6.5994,200.415,0.752879
65,Detector2,9.25988,7.30317,-6.53814,4.8823,200.432,-2.90549
65,Detector2,9.77837,7.41388,-6.35513,0.857231,200.217,-3.97598
65,Detector2,9.975,6.82786,-6.3574,-0.397164,200.104,-4.55884
65,Detector2,1.94234,84.84,-28.7763,40.2396,199.5,190.569
65,Detector2,2.14389,22.9298,10.4609,-1.91814,199.5,167.825
65,Detector2,-12.2905,61.6752,65.1485,112.838,199.5,374.286
65,Detector2,5.19987,9.38831,15.1196,-15.0546,199.5,267.701
65,Detector3,25.0478,-1.22568,-11.4825,91.7932,499.5,188.446
65,Detector3,-0.92071,-8.90454,4.98783,18.9848,499.5,166.894
65,Detector3,4.88827,12.4783,15.5622,-11.6706,499.5,266.632
65,Detector3,4.91124,12.4308,15.5405,-12.3186,499.993,265.968
53,Detector1,0.586425,61.9993,10.4701,563.93,9.5,3217.46
53,Detector2,8.89024,204.657,42.8394,529.289,199.5,3216.28
53,Detector2,8.93314,205.371,42.9503,530.215,200.174,3214.99
86,Detector1,0.586924,62.2945,10.472,564.15,9.5,3217.39
86,Detector1,0.604793,62.158,10.6326,564.077,10.4163,3216.07
86,Detector2,8.81173,203.372,42.8606,529.406,199.5,3215.94
87,Detector1,0.585689,62.0517,10.469,563.845,9.5,3217.46
87,Detector1,0.588655,62.6263,10.496,563.531,9.6536,3215.46
87,Detector2,9.02987,207.038,42.8858,529.407,199.5,3214.12
88,Detector1,0.58665,62.3276,10.4698,563.949,9.5,3217.44
88,Detector1,0.596969,63.873,10.5628,563.608,10.0304,3216.84
88,Detector2,8.98159,206.225,42.7534,527.351,199.5,3216.46
89,Detector1,0.587343,62.1327,10.4697,563.807,9.5,3217.48
89,Detector2,8.82605,203.419,42.8966,529.701,199.5,3216.37
